code,buy_date,sell_date,buy_price,sell_price,shares,pnl,pnl_pct,reason,signal_j,signal_vol_ratio
000001,1993-03-08,1993-03-09,126.65,126.1,100,-62.58249999999862,-0.4939891897412902,S1信号减仓≥50%,,
000001,1993-03-10,1993-03-15,126.65,127.09,300,-420.995600000002,-1.092457726666431,持有4天盈利不足4%,,
000001,1993-04-26,1993-04-27,130.4,130.07,100,-40.8140999999996,-0.31289769510864224,S1信号减仓≥50%,,
000001,1993-04-28,1993-04-29,130.4,129.08,500,-522.8691999999937,-0.8038760861898814,基础止损,,
000012,1993-04-28,1993-04-29,30.15,29.6,2100,-1342.6875,-2.11500010171848,基础止损,,
000007,1993-04-28,1993-04-29,29.0,28.4,1100,-678.9419999999991,-2.1277065156315147,基础止损,,
000017,1993-11-24,1993-11-26,19.54,19.41,1700,-240.86450000000332,-0.7248848886787492,盈转亏清仓,,
000012,1993-11-25,1993-11-26,23.55,23.55,2700,-844.3927999999942,-1.3109589199306648,盈转亏清仓,,
000012,1993-11-26,1993-11-29,23.31,23.08,1400,-341.4838000000018,-1.0460911490602638,基础止损,,
000017,1993-11-26,1993-11-30,19.61,19.54,1600,-130.79199999999764,-0.4167286275106684,盈转亏清仓,,
000019,1993-11-30,1993-12-01,12.02,11.65,2700,-1018.1726999999992,-3.136338632520058,放量跌破黄线清仓,,
600831,1995-04-06,1995-04-11,6.75,6.82,2910,91.02315000000453,0.4608948415139878,跌破白线减仓30%,,
000570,1995-04-06,1995-04-11,5.9,5.9,11100,-589.4589999999953,-0.8923110468434201,盈转亏清仓,,
000564,1995-04-06,1995-04-11,5.14,5.09,12800,-679.2831999999908,-1.0321611687699777,盈转亏清仓,,
600825,1995-04-07,1995-04-11,12.65,12.74,7600,-374.18919999999343,-0.38509056712674633,盈转亏清仓,,
600822,1995-04-10,1995-04-11,12.98,12.68,2500,-769.244999999999,-2.369843746413823,基础止损,,
600858,1995-04-10,1995-04-11,7.44,7.24,4400,-899.3775999999962,-2.7465416289091653,放量跌破黄线清仓,,
600831,1995-04-06,1995-04-12,6.75,6.88,6790,619.665129999994,1.344715030735482,持有4天盈利不足4%,,
600845,1995-04-10,1995-04-13,11.25,10.4,8800,-6191.752499999988,-6.338534157329974,击穿对手盘失败清仓,,
600691,1995-04-11,1995-04-18,16.25,16.22,2000,-79.48200000000361,-0.24448665400380998,持有4天盈利不足4%,,
600846,1995-07-20,1995-07-24,18.8,18.8,1700,-19.175999999999476,-0.05998200539837885,盈转亏清仓,,
600621,1995-07-21,1995-07-25,279.25,273.47,200,-1536.2672999999922,-2.732897766842683,基础止损,,
000551,1995-07-25,1995-07-26,4.67,4.67,13900,-315.03059999999823,-0.4831123643011075,盈转亏清仓,,
600658,1995-07-20,1995-07-27,9.43,9.48,3400,150.7118000000046,0.4699226499282596,持有4天盈利不足4%,,
600850,1995-07-20,1995-07-27,10.7,10.66,3000,-139.22399999999107,-0.43358954930340554,持有4天盈利不足4%,,
000524,1995-07-24,1995-07-27,8.56,8.87,11400,3702.457799999989,3.801868807039376,持有4天盈利不足4%,,
000530,1995-07-24,1995-07-28,6.32,6.32,10300,273.03600000000733,0.4213295161859064,持有4天盈利不足4%,,
001872,1995-07-21,1995-07-28,3.82,3.7,8500,-1039.1759999999958,-3.199459010464387,持有4天盈利不足4%,,
600648,1995-08-02,1995-08-08,92.88,92.7,300,-70.70219999999972,-0.2536642108142741,盈转亏清仓,,
000530,1995-08-02,1995-08-09,6.25,6.32,5200,344.39080000000104,1.0593461961411608,持有4天盈利不足4%,,
600812,1995-08-03,1995-08-10,4.5,5.64,2190,2489.9380200000014,25.25815588656738,盈利20%止盈30%,,
600800,1995-08-09,1995-08-11,6.75,6.82,14700,2605.6471000000165,2.669220547713292,持有4天盈利不足4%,,
600648,1995-08-16,1995-08-17,96.14,91.79,300,-1321.9136999999937,-4.58191957848466,基础止损,,
600648,1995-08-17,1995-08-18,93.17,90.67,300,-766.5455999999976,-2.7416396740310227,基础止损,,
600812,1995-08-03,1995-08-21,4.5,6.03,1533,2340.647253000001,33.91962411276619,滴滴信号减仓30%,,
600841,1995-08-16,1995-08-21,12.34,12.12,2700,-613.8126000000011,-1.8417327313961438,盈转亏清仓,,
600619,1995-08-16,1995-08-21,153.71,153.3,200,-100.42059999999401,-0.32655807317395574,盈转亏清仓,,
600622,1995-08-17,1995-08-21,241.25,242.3,200,-217.13240000000224,-0.4461998022859262,盈转亏清仓,,
600629,1995-08-18,1995-08-21,11.9,11.77,2800,-383.8827999999994,-1.1517637145831023,基础止损,,
600658,1995-08-16,1995-08-23,9.73,9.73,3400,-19.849199999996927,-0.059982005398371195,持有4天盈利不足4%,,
000530,1995-08-16,1995-08-23,6.25,6.2,5300,-284.7955000000002,-0.859502149355194,持有4天盈利不足4%,,
600812,1995-08-03,1995-08-25,4.5,5.7,1073,1284.3166200000014,26.590689459828752,跌破白线减仓30%,,
600693,1995-08-18,1995-08-25,8.77,8.56,3800,-817.7561999999925,-2.4530725161014755,击穿对手盘失败清仓,,
600835,1995-09-08,1995-09-15,13.27,14.39,1500,1690.0597499999967,8.497688339669338,滴滴信号减仓30%,,
600644,1995-09-14,1995-09-15,13.64,13.55,2400,-235.57679999999527,-0.7194102766237433,基础止损,,
600835,1995-09-08,1995-09-19,13.27,13.82,1050,584.7213749999992,4.200003672983349,跌破白线减仓30%,,
600658,1995-09-14,1995-09-19,9.64,9.48,3400,-563.5023999999939,-1.7187374907859412,放量跌破黄线清仓,,
600835,1995-09-08,1995-09-20,13.27,13.61,2450,850.004224999997,2.616646164204294,持有4天盈利不足4%,,
600644,1995-10-11,1995-10-12,13.41,13.12,4800,-1286.1600000000035,-2.0020152399721094,放量跌破黄线清仓,,
600674,1995-10-17,1995-10-20,4.76,4.87,20600,1458.2622000000265,1.4754714915836034,持有4天盈利不足4%,,
000029,1995-10-27,1995-11-03,5.36,5.43,6200,413.93060000000696,1.2452047967699453,持有4天盈利不足4%,,
600682,1995-10-27,1995-11-08,9.96,10.09,3300,409.1505000000034,1.2444559804749442,持有4天盈利不足4%,,
600812,1995-08-03,1995-11-27,4.5,6.12,2504,4048.5022560000016,35.918424472658224,放量跌破黄线清仓,,
600612,1996-05-02,1996-05-03,187.49,184.13,100,-347.14860000000044,-1.851002648962634,基础止损,,
600623,1996-05-02,1996-05-03,94.69,93.89,300,-256.9721999999965,-0.9043374219754229,基础止损,,
600633,1996-05-02,1996-05-03,16.12,15.6,2000,-1059.0320000000029,-3.283853553611345,基础止损,,
600610,1996-05-02,1996-05-06,74.34,72.62,400,-705.6352000000006,-2.372288044552469,基础止损,,
600854,1996-05-02,1996-05-07,15.9,15.9,2000,-19.07999999999447,-0.05998200539836311,盈转亏清仓,,
600810,1996-05-06,1996-05-07,7.31,7.27,13500,-869.1299999999756,-0.8780449084919573,盈转亏清仓,,
600618,1996-05-06,1996-05-07,114.5,113.12,600,-674.9133999999904,-0.984893274609493,盈转亏清仓,,
600639,1996-05-02,1996-05-07,28.06,27.59,1100,-535.3644999999997,-1.733959498536753,盈转亏清仓,,
600838,1996-05-06,1996-05-07,12.14,12.32,5300,-1087.4919999999984,-1.6386799865020574,盈转亏清仓,,
600612,1996-05-06,1996-05-07,183.89,187.25,200,-71.48470000000088,-0.19057377802526568,盈转亏清仓,,
600817,1996-05-06,1996-05-07,12.29,12.15,5300,-1185.9810999999972,-1.8089551926646796,基础止损,,
600860,1996-05-06,1996-05-07,4.45,4.56,14500,-290.7473000000027,-0.4379323830730468,盈转亏清仓,,
000533,1996-05-07,1996-05-08,3.95,3.96,16500,-448.3266999999905,-0.6816715726890027,盈转亏清仓,,
600847,1996-05-07,1996-05-08,6.08,6.09,16200,-545.3406000000105,-0.5498840543915361,盈转亏清仓,,
600824,1996-05-03,1996-05-08,12.68,12.61,2600,-201.72619999999733,-0.6117013476398641,盈转亏清仓,,
600838,1996-05-07,1996-05-08,12.19,12.2,2700,7.244100000003527,0.022003243161598744,基础止损,,
600873,1996-05-07,1996-05-08,12.8,12.52,2600,-747.7495999999956,-2.246169899030278,基础止损,,
600622,1996-05-07,1996-05-09,228.28,223.92,300,-1013.5974999999889,-1.4868795021884476,持有4天盈利不足4%,,
000045,1996-05-07,1996-05-09,4.97,4.88,13100,-1737.8664999999964,-2.6473026291177004,基础止损,,
600876,1996-05-02,1996-05-09,7.2,6.82,4600,-1767.347600000001,-5.33459406622458,放量跌破黄线清仓,,
600808,1996-05-02,1996-05-09,2.27,2.4,4380,563.2636199999997,5.66345514847748,滴滴信号减仓30%,,
600875,1996-05-07,1996-05-09,7.36,7.28,13500,-959.2379999999976,-0.9668787204129118,持有4天盈利不足4%,,
000516,1996-05-03,1996-05-09,5.57,5.47,5900,-609.5407999999989,-1.854237265624618,盈转亏清仓,,
000030,1996-05-03,1996-05-09,4.89,4.91,2010,34.290600000003906,0.34877062443643075,滴滴信号减仓30%,,
600810,1996-05-07,1996-05-09,7.33,7.15,4500,-829.5479999999989,-2.514170714679181,基础止损,,
600860,1996-05-07,1996-05-09,4.56,4.52,7300,-311.885199999997,-0.9366488299124207,盈转亏清仓,,
600612,1996-05-07,1996-05-09,187.25,185.09,100,-227.17020000000048,-1.2128281408768316,基础止损,,
600618,1996-05-07,1996-05-09,111.74,112.84,200,206.52520000000368,0.9238556516095274,基础止损,,
600600,1996-05-03,1996-05-10,4.36,4.46,7500,730.1550000000025,2.232220242184233,持有4天盈利不足4%,,
000030,1996-05-03,1996-05-10,4.89,4.74,4690,-717.0494099999923,-3.125626729159134,基础止损,,
600827,1996-05-03,1996-05-10,10.41,10.67,3100,786.3955999999998,2.436118347973033,持有4天盈利不足4%,,
000034,1996-05-07,1996-05-10,4.65,4.56,7100,-658.6172999999981,-1.9943049343261483,基础止损,,
000533,1996-05-08,1996-05-10,3.95,3.81,8300,-1181.322400000001,-3.602159858371605,基础止损,,
600808,1996-05-02,1996-05-10,2.27,2.43,10220,1620.7898000000023,6.984248337833461,回测结束清仓,,
600863,1996-05-08,1996-05-10,5.55,5.7,17700,1289.8710000000137,1.2954431934434276,回测结束清仓,,
600610,1996-05-07,1996-05-10,71.06,71.06,400,-17.054400000000896,-0.059982005398383643,回测结束清仓,,
600609,1996-05-07,1996-05-10,35.25,36.28,900,907.6869000000042,2.860251144514815,回测结束清仓,,
600824,1996-05-10,1996-05-10,12.58,12.56,2600,-71.60919999999896,-0.2188691564231812,回测结束清仓,,
