date,cash,market_value,total
2020-10-09,1000000.0,0.0,1000000.0
2020-10-12,1000000.0,0.0,1000000.0
2020-10-13,673265.0089,323209.0,996474.0089
2020-10-14,705322.3888000001,289215.0,994537.3888000001
2020-10-15,673863.3912000002,320297.0,994160.3912000002
2020-10-16,442595.15300000017,547154.0,989749.1530000002
2020-10-19,484166.38358000014,499753.2,983919.5835800001
2020-10-20,695877.4643200004,292859.0,988736.4643200004
2020-10-21,635023.4156200005,345063.0,980086.4156200005
2020-10-22,755145.9834200004,224979.0,980124.9834200004
2020-10-23,447201.55352000025,523241.0,970442.5535200003
2020-10-26,620416.2477200003,349028.0,969444.2477200003
2020-10-27,715957.5767200004,253031.0,968988.5767200004
2020-10-28,913488.6996000003,55169.0,968657.6996000003
2020-10-29,913488.6996000003,55444.100000000006,968932.7996000003
2020-10-30,913488.6996000003,55105.100000000006,968593.7996000003
2020-11-02,913488.6996000003,58442.7,971931.3996000002
2020-11-03,913488.6996000003,58424.6,971913.2996000003
2020-11-04,596720.6977000003,376476.6,973197.2977000002
2020-11-05,594618.4898000002,382539.2,977157.6898000003
2020-11-06,414789.7122000001,553409.3,968199.0122000002
2020-11-09,438756.9511000001,532985.1,971742.0511
2020-11-10,294507.23250300006,666843.85,961351.082503
2020-11-11,570231.4485030001,385006.02,955237.4685030001
2020-11-12,405998.8886759999,554852.76,960851.6486759998
2020-11-13,255694.20427599992,708190.0800000001,963884.284276
2020-11-16,247496.37177599993,717349.8300000001,964846.201776
2020-11-17,537185.5230759999,418480.67,955666.1930759999
2020-11-18,512402.526676,448808.02,961210.546676
2020-11-19,448008.2709759999,519037.58999999997,967045.8609759999
2020-11-20,366579.71689099993,601413.14,967992.856891
2020-11-23,84033.97859099993,886261.3200000001,970295.298591
2020-11-24,295901.065191,676372.51,972273.575191
2020-11-25,385013.32349100005,573712.9299999999,958726.253491
2020-11-26,329148.64105099987,624952.3,954100.9410509999
2020-11-27,87780.57654699992,867855.34,955635.916547
2020-11-30,21064.25524699995,930895.8,951960.055247
2020-12-01,157022.97872699998,800601.66,957624.638727
2020-12-02,347359.156227,612401.15,959760.306227
2020-12-03,62948.64402699995,888156.63,951105.274027
2020-12-04,202784.76307699992,752548.5700000001,955333.333077
2020-12-07,273612.53065699997,673633.42,947245.9506570001
2020-12-08,479014.97423699993,466988.3,946003.2742369999
2020-12-09,519741.5606319999,421323.38,941064.9406319999
2020-12-10,399581.97346500005,541388.3,940970.2734650001
2020-12-11,60905.255764999994,870145.42,931050.675765
2020-12-14,297016.4224050001,631656.59,928673.012405
2020-12-15,562825.257905,364682.07,927507.327905
2020-12-16,405042.4441050003,512895.1,917937.5441050003
2020-12-17,473065.48645500035,452928.46,925993.9464550004
2020-12-18,414957.4876550004,511454.70999999996,926412.1976550004
2020-12-21,383808.41355500027,555003.85,938812.2635550003
2020-12-22,424643.6302750002,504434.98,929078.6102750001
2020-12-23,352731.87191500026,584656.39,937388.2619150003
2020-12-24,161968.91800800024,769143.6,931112.5180080002
2020-12-25,209599.26410800026,738312.7,947911.9641080003
2020-12-28,16288.86030800028,934508.6,950797.4603080002
2020-12-29,157520.1890080003,778706.65,936226.8390080003
2020-12-30,390380.2277680002,551222.65,941602.8777680002
2020-12-31,113847.32594800017,844161.9,958009.2259480002
2021-01-04,29730.90890800018,952184.25,981915.1589080002
2021-01-05,21285.09330800024,953459.5499999999,974744.6433080002
2021-01-06,176021.16050800023,789446.6,965467.7605080002
2021-01-07,250934.09464400032,705164.54,956098.6346440003
2021-01-08,204174.7645550004,733530.2000000001,937704.9645550004
2021-01-11,238345.40889900044,676011.98,914357.3888990004
2021-01-12,216840.77974900045,714074.97,930915.7497490004
2021-01-13,179050.65296900045,738735.27,917785.9229690004
2021-01-14,172399.3343690005,730047.13,902446.4643690005
2021-01-15,25429.761749000547,886691.55,912121.3117490006
2021-01-18,99559.47425700053,838807.41,938366.8842570005
2021-01-19,319222.8057570006,607317.77,926540.5757570006
2021-01-20,464422.95795700053,474537.82999999996,938960.7879570005
2021-01-21,417569.2262670005,531570.77,949139.9962670004
2021-01-22,340246.35388700047,612502.1,952748.4538870004
2021-01-25,216026.29988700047,743378.0800000001,959404.3798870005
2021-01-26,111431.74140800058,837096.5,948528.2414080006
2021-01-27,330194.1387080006,612353.17,942547.3087080007
2021-01-28,385844.0444080006,545060.3500000001,930904.3944080006
2021-01-29,516709.4330100006,413506.55,930215.9830100005
2021-02-01,631904.3541630006,303729.82999999996,935634.1841630006
2021-02-02,722974.2407070005,215631.57,938605.8107070005
2021-02-03,722974.2407070005,209882.00999999998,932856.2507070005
2021-02-04,722974.2407070005,206050.00999999998,929024.2507070005
2021-02-05,759123.8925570005,163530.64,922654.5325570005
2021-02-08,801310.2618780006,125101.90000000001,926412.1618780006
2021-02-09,801310.2618780006,127820.90999999999,929131.1718780006
2021-02-10,801310.2618780006,127796.40999999999,929106.6718780006
2021-02-18,801310.2618780006,128481.43,929791.6918780005
2021-02-19,801310.2618780006,127962.52000000002,929272.7818780006
2021-02-22,801310.2618780006,121128.0,922438.2618780006
2021-02-23,801310.2618780006,122373.09,923683.3518780005
2021-02-24,801310.2618780006,121256.87,922567.1318780006
2021-02-25,819491.6458260006,101893.05000000002,921384.6958260007
2021-02-26,819491.6458260006,102303.18,921794.8258260007
2021-03-01,819491.6458260006,103545.81999999998,923037.4658260006
2021-03-02,831520.0362260006,90911.99999999999,922432.0362260006
2021-03-03,831520.0362260006,91754.61,923274.6462260006
2021-03-04,831520.0362260006,88078.41,919598.4462260007
2021-03-05,847945.7170430006,69515.31999999999,917461.0370430006
2021-03-08,879878.7442600006,38933.93,918812.6742600007
2021-03-09,879878.7442600006,36750.490000000005,916629.2342600006
2021-03-10,879878.7442600006,37614.85,917493.5942600006
2021-03-11,879878.7442600006,38270.47,918149.2142600006
2021-03-12,879878.7442600006,37806.44,917685.1842600007
2021-03-15,879878.7442600006,37628.57,917507.3142600006
2021-03-16,879878.7442600006,38125.92,918004.6642600007
2021-03-17,879878.7442600006,40176.08,920054.8242600006
2021-03-18,879878.7442600006,39260.76,919139.5042600007
2021-03-19,879878.7442600006,39012.82,918891.5642600006
2021-03-22,879878.7442600006,41830.32000000001,921709.0642600006
2021-03-23,879878.7442600006,42369.32,922248.0642600006
2021-03-24,879878.7442600006,42740.740000000005,922619.4842600006
2021-03-25,879878.7442600006,43099.42,922978.1642600007
2021-03-26,879878.7442600006,45127.04,925005.7842600007
2021-03-29,879878.7442600006,43560.51,923439.2542600007
2021-03-30,889239.8350900006,32898.6,922138.4350900006
2021-03-31,897664.8168370007,24268.23,921933.0468370006
2021-04-01,897664.8168370007,24748.92,922413.7368370007
2021-04-02,897664.8168370007,23919.84,921584.6568370006
2021-04-06,897664.8168370007,23178.960000000003,920843.7768370006
2021-04-07,897664.8168370007,23452.38,921117.1968370007
2021-04-08,897664.8168370007,23514.12,921178.9368370007
2021-04-09,897664.8168370007,23659.649999999998,921324.4668370007
2021-04-12,897664.8168370007,22341.059999999998,920005.8768370007
2021-04-13,897664.8168370007,22376.34,920041.1568370006
2021-04-14,897664.8168370007,22790.88,920455.6968370007
2021-04-15,897664.8168370007,22539.51,920204.3268370007
2021-04-16,897664.8168370007,22680.63,920345.4468370007
2021-04-19,897664.8168370007,22711.5,920376.3168370007
2021-04-20,595712.2582370008,328390.26,924102.5182370008
2021-04-21,473416.58053700073,446142.78,919559.3605370007
2021-04-22,382388.91143700085,551488.62,933877.5314370008
2021-04-23,410735.8556370009,521284.93,932020.7856370008
2021-04-26,509576.9908570009,424308.38,933885.3708570009
2021-04-27,611738.2074070009,327052.95,938791.1574070009
2021-04-28,581545.152207001,350689.23,932234.382207001
2021-04-29,553216.779307001,380479.26,933696.039307001
2021-04-30,625471.1964770011,308329.33,933800.5264770011
2021-05-06,474512.6274770012,454397.84,928910.4674770012
2021-05-07,563714.5466770013,357243.87,920958.4166770013
2021-05-10,485460.3803320013,438510.4,923970.7803320014
2021-05-11,449489.8608320013,474192.9,923682.7608320013
2021-05-12,498020.4005320012,429176.65,927197.0505320013
2021-05-13,287874.98463200114,646942.5800000001,934817.5646320012
2021-05-14,198782.26483200115,750497.75,949280.0148320012
2021-05-17,165229.62003200114,786116.44,951346.0600320011
2021-05-18,46489.01012200114,904112.16,950601.1701220012
2021-05-19,301623.4707820011,650032.32,951655.7907820011
2021-05-20,218061.3605820011,720546.7,938608.060582001
2021-05-21,313880.4041820012,631945.44,945825.8441820012
2021-05-24,81012.22191000119,866873.02,947885.2419100013
2021-05-25,156992.26036800118,800201.3300000001,957193.5903680013
2021-05-26,51954.795378001276,910304.1,962258.8953780013
2021-05-27,128669.62357800125,833949.0900000001,962618.7135780014
2021-05-28,124027.64176800125,838995.41,963023.0517680013
2021-05-31,139611.17150800122,836959.65,976570.8215080013
2021-06-01,284063.1276940013,693545.41,977608.5376940013
2021-06-02,76255.32168700139,889432.83,965688.1516870013
2021-06-03,162916.24787300138,805939.79,968856.0378730014
2021-06-04,12955.784463001411,957531.97,970487.7544630014
2021-06-07,136891.39456300144,839266.3300000001,976157.7245630015
2021-06-08,327661.14646300144,642662.38,970323.5264630015
2021-06-09,454441.2886630015,513644.03,968085.3186630015
2021-06-10,190172.1415630014,789002.6699999999,979174.8115630014
2021-06-11,25228.659489001417,935295.9299999999,960524.5894890013
2021-06-15,309962.58654900134,639757.23,949719.8165490013
2021-06-16,531138.9857730012,404175.78,935314.7657730012
2021-06-17,658436.2459610011,283323.55999999994,941759.8059610011
2021-06-18,658436.2459610011,290870.39,949306.6359610012
2021-06-21,658436.2459610011,292456.47,950892.7159610011
2021-06-22,743724.6517610011,206886.52,950611.1717610011
2021-06-23,751870.907151001,201785.11000000002,953656.017151001
2021-06-24,751870.907151001,198364.44,950235.347151001
2021-06-25,782863.6065510011,165238.78,948102.3865510011
2021-06-28,782863.6065510011,167448.19,950311.796551001
2021-06-29,782863.6065510011,165019.25999999998,947882.8665510011
2021-06-30,768470.3397400011,182510.86,950981.1997400011
2021-07-01,768470.3397400011,183022.90999999997,951493.249740001
2021-07-02,768470.3397400011,184412.05999999997,952882.3997400011
2021-07-05,768470.3397400011,189796.66999999998,958267.009740001
2021-07-06,785192.9414540011,172053.77,957246.7114540011
2021-07-07,785192.9414540011,178262.06999999998,963455.0114540011
2021-07-08,785192.9414540011,182327.03999999998,967519.981454001
2021-07-09,785192.9414540011,188611.01,973803.9514540011
2021-07-12,785192.9414540011,194184.48,979377.4214540011
2021-07-13,473783.54665400105,507142.2,980925.7466540011
2021-07-14,485485.9850290011,491361.43,976847.4150290011
2021-07-15,498231.1830290011,472434.89,970666.0730290011
2021-07-16,320986.3616290013,648539.37,969525.7316290012
2021-07-19,47827.63012900132,917221.3200000001,965048.9501290014
2021-07-20,38169.28232900131,933358.65,971527.9323290014
2021-07-21,100268.8168290014,893066.02,993334.8368290014
2021-07-22,15811.164529001402,997500.52,1013311.6845290015
2021-07-23,54433.143837001415,947219.88,1001653.0238370014
2021-07-26,32193.854837001407,963933.22,996127.0748370014
2021-07-27,77873.65703700144,896547.73,974421.3870370014
2021-07-28,16175.060237001428,928753.1799999999,944928.2402370013
2021-07-29,257202.84067700134,723432.11,980634.9506770014
2021-07-30,159786.62457700135,845705.01,1005491.6345770013
2021-08-02,29518.014147001348,981879.25,1011397.2641470013
2021-08-03,16297.064647001404,976034.5,992331.5646470014
2021-08-04,19329.733201001432,995855.23,1015184.9632010014
2021-08-05,19329.733201001432,982440.99,1001770.7232010014
2021-08-06,7373.573301001459,998022.72,1005396.2933010014
2021-08-09,56584.60527900145,940682.86,997267.4652790014
2021-08-10,22544.14543400141,977882.48,1000426.6254340014
2021-08-11,219741.7683940014,788293.01,1008034.7783940014
2021-08-12,101279.83617400148,908961.1699999999,1010241.0061740014
2021-08-13,3633.6920160015143,984988.6200000001,988622.3120160017
2021-08-16,185038.6541960015,787872.8,972911.4541960015
2021-08-17,138362.72058100146,800057.33,938420.0505810014
2021-08-18,536024.2809470014,411326.71,947350.9909470014
2021-08-19,605242.1102510014,339283.98,944526.0902510014
2021-08-20,605242.1102510014,336215.74,941457.8502510014
2021-08-23,717183.5177510014,229864.66999999998,947048.1877510014
2021-08-24,750401.5493510014,197291.47,947693.0193510014
2021-08-25,472463.1480510013,476316.5,948779.6480510014
2021-08-26,471254.7460510013,470375.69,941630.4360510013
2021-08-27,296776.4573510012,641389.02,938165.4773510012
2021-08-30,426007.6947710012,514813.79,940821.4847710012
2021-08-31,282267.1100370013,661134.62,943401.7300370013
2021-09-01,232736.48598900135,699111.87,931848.3559890013
2021-09-02,403760.16155400133,526343.06,930103.2215540013
2021-09-03,184009.7760540013,738810.4299999999,922820.2060540012
2021-09-06,69297.75908800133,870824.6799999999,940122.4390880013
2021-09-07,3615.5595180013297,938303.34,941918.8995180012
2021-09-08,118697.33321800134,820259.35,938956.6832180013
2021-09-09,215775.83881700132,722952.71,938728.5488170013
2021-09-10,208397.48520700136,736968.83,945366.3152070013
2021-09-13,139016.8296370014,816653.48,955670.3096370014
2021-09-14,216536.40572700155,731836.73,948373.1357270016
2021-09-15,110580.90991700161,850038.03,960618.9399170016
2021-09-16,5439.708147001591,938370.21,943809.9181470015
2021-09-17,427159.35428700154,515223.09,942382.4442870016
2021-09-22,489081.90030200157,455095.02,944176.9203020015
2021-09-23,684775.1747020016,260973.32,945748.4947020016
2021-09-24,684775.1747020016,253148.14,937923.3147020016
2021-09-27,745699.8018290016,179308.16000000003,925007.9618290017
2021-09-28,802162.6378950016,122332.31999999999,924494.9578950015
2021-09-29,802162.6378950016,117902.86,920065.4978950016
2021-09-30,824583.9094950015,96585.76000000001,921169.6694950016
2021-10-08,824583.9094950015,94645.22,919229.1294950015
2021-10-11,824583.9094950015,92267.22,916851.1294950015
2021-10-12,824583.9094950015,89226.81,913810.7194950015
2021-10-13,871527.9920440016,41502.42,913030.4120440016
2021-10-14,903866.0377190016,8992.97,912859.0077190016
2021-10-15,903866.0377190016,9372.72,913238.7577190016
2021-10-18,903866.0377190016,9092.93,912958.9677190017
2021-10-19,903866.0377190016,9600.57,913466.6077190016
2021-10-20,903866.0377190016,9431.03,913297.0677190017
2021-10-21,903866.0377190016,9286.480000000001,913152.5177190016
2021-10-22,903866.0377190016,9203.18,913069.2177190017
2021-10-25,903866.0377190016,9289.91,913155.9477190017
2021-10-26,903866.0377190016,9112.04,912978.0777190017
2021-10-27,903866.0377190016,9024.82,912890.8577190016
2021-10-28,903866.0377190016,7220.15,911086.1877190017
2021-10-29,911084.0216740016,0.0,911084.0216740016
2021-11-01,911084.0216740016,0.0,911084.0216740016
2021-11-02,911084.0216740016,0.0,911084.0216740016
2021-11-03,911084.0216740016,0.0,911084.0216740016
2021-11-04,911084.0216740016,0.0,911084.0216740016
2021-11-05,911084.0216740016,0.0,911084.0216740016
2021-11-08,911084.0216740016,0.0,911084.0216740016
2021-11-09,911084.0216740016,0.0,911084.0216740016
2021-11-10,911084.0216740016,0.0,911084.0216740016
2021-11-11,911084.0216740016,0.0,911084.0216740016
2021-11-12,911084.0216740016,0.0,911084.0216740016
2021-11-15,911084.0216740016,0.0,911084.0216740016
2021-11-16,911084.0216740016,0.0,911084.0216740016
2021-11-17,911084.0216740016,0.0,911084.0216740016
2021-11-18,911084.0216740016,0.0,911084.0216740016
2021-11-19,911084.0216740016,0.0,911084.0216740016
2021-11-22,911084.0216740016,0.0,911084.0216740016
2021-11-23,911084.0216740016,0.0,911084.0216740016
2021-11-24,911084.0216740016,0.0,911084.0216740016
2021-11-25,911084.0216740016,0.0,911084.0216740016
2021-11-26,911084.0216740016,0.0,911084.0216740016
2021-11-29,911084.0216740016,0.0,911084.0216740016
2021-11-30,911084.0216740016,0.0,911084.0216740016
2021-12-01,911084.0216740016,0.0,911084.0216740016
2021-12-02,911084.0216740016,0.0,911084.0216740016
2021-12-03,911084.0216740016,0.0,911084.0216740016
2021-12-06,911084.0216740016,0.0,911084.0216740016
2021-12-07,911084.0216740016,0.0,911084.0216740016
2021-12-08,911084.0216740016,0.0,911084.0216740016
2021-12-09,911084.0216740016,0.0,911084.0216740016
2021-12-10,911084.0216740016,0.0,911084.0216740016
2021-12-13,911084.0216740016,0.0,911084.0216740016
2021-12-14,911084.0216740016,0.0,911084.0216740016
2021-12-15,911084.0216740016,0.0,911084.0216740016
2021-12-16,911084.0216740016,0.0,911084.0216740016
2021-12-17,911084.0216740016,0.0,911084.0216740016
2021-12-20,911084.0216740016,0.0,911084.0216740016
2021-12-21,911084.0216740016,0.0,911084.0216740016
2021-12-22,911084.0216740016,0.0,911084.0216740016
2021-12-23,911084.0216740016,0.0,911084.0216740016
2021-12-24,911084.0216740016,0.0,911084.0216740016
2021-12-27,911084.0216740016,0.0,911084.0216740016
2021-12-28,911084.0216740016,0.0,911084.0216740016
2021-12-29,911084.0216740016,0.0,911084.0216740016
2021-12-30,911084.0216740016,0.0,911084.0216740016
2021-12-31,911084.0216740016,0.0,911084.0216740016
2022-01-04,911084.0216740016,0.0,911084.0216740016
2022-01-05,911084.0216740016,0.0,911084.0216740016
2022-01-06,911084.0216740016,0.0,911084.0216740016
2022-01-07,911084.0216740016,0.0,911084.0216740016
2022-01-10,911084.0216740016,0.0,911084.0216740016
2022-01-11,911084.0216740016,0.0,911084.0216740016
2022-01-12,911084.0216740016,0.0,911084.0216740016
2022-01-13,911084.0216740016,0.0,911084.0216740016
2022-01-14,911084.0216740016,0.0,911084.0216740016
2022-01-17,911084.0216740016,0.0,911084.0216740016
2022-01-18,911084.0216740016,0.0,911084.0216740016
2022-01-19,911084.0216740016,0.0,911084.0216740016
2022-01-20,911084.0216740016,0.0,911084.0216740016
2022-01-21,911084.0216740016,0.0,911084.0216740016
2022-01-24,911084.0216740016,0.0,911084.0216740016
2022-01-25,911084.0216740016,0.0,911084.0216740016
2022-01-26,911084.0216740016,0.0,911084.0216740016
2022-01-27,911084.0216740016,0.0,911084.0216740016
2022-01-28,911084.0216740016,0.0,911084.0216740016
2022-02-07,911084.0216740016,0.0,911084.0216740016
2022-02-08,911084.0216740016,0.0,911084.0216740016
2022-02-09,911084.0216740016,0.0,911084.0216740016
2022-02-10,911084.0216740016,0.0,911084.0216740016
2022-02-11,911084.0216740016,0.0,911084.0216740016
2022-02-14,911084.0216740016,0.0,911084.0216740016
2022-02-15,911084.0216740016,0.0,911084.0216740016
2022-02-16,911084.0216740016,0.0,911084.0216740016
2022-02-17,911084.0216740016,0.0,911084.0216740016
2022-02-18,911084.0216740016,0.0,911084.0216740016
2022-02-21,911084.0216740016,0.0,911084.0216740016
2022-02-22,911084.0216740016,0.0,911084.0216740016
2022-02-23,911084.0216740016,0.0,911084.0216740016
2022-02-24,911084.0216740016,0.0,911084.0216740016
2022-02-25,911084.0216740016,0.0,911084.0216740016
2022-02-28,911084.0216740016,0.0,911084.0216740016
2022-03-01,911084.0216740016,0.0,911084.0216740016
2022-03-02,911084.0216740016,0.0,911084.0216740016
2022-03-03,911084.0216740016,0.0,911084.0216740016
2022-03-04,911084.0216740016,0.0,911084.0216740016
2022-03-07,911084.0216740016,0.0,911084.0216740016
2022-03-08,911084.0216740016,0.0,911084.0216740016
2022-03-09,911084.0216740016,0.0,911084.0216740016
2022-03-10,911084.0216740016,0.0,911084.0216740016
2022-03-11,911084.0216740016,0.0,911084.0216740016
2022-03-14,911084.0216740016,0.0,911084.0216740016
2022-03-15,911084.0216740016,0.0,911084.0216740016
2022-03-16,911084.0216740016,0.0,911084.0216740016
2022-03-17,611777.2565740015,309085.0,920862.2565740015
2022-03-18,339866.23617400165,599402.0,939268.2361740016
2022-03-21,216936.36827400164,738876.0,955812.3682740016
2022-03-22,188527.16427400155,771311.0,959838.1642740015
2022-03-23,132480.17162400155,824211.0,956691.1716240016
2022-03-24,10106.490424001564,942708.0,952814.4904240016
2022-03-25,376126.05160400155,565709.1,941835.1516040015
2022-03-28,416610.6977240016,531907.1,948517.7977240016
2022-03-29,556892.9004340016,397774.4,954667.3004340016
2022-03-30,628814.3375280016,320170.07999999996,948984.4175280016
2022-03-31,639641.0885280017,308933.3,948574.3885280017
2022-04-01,688636.7854080017,259766.77000000002,948403.5554080018
2022-04-06,696259.1780040017,249363.99000000002,945623.1680040017
2022-04-07,722922.2866710016,227250.19000000003,950172.4766710016
2022-04-08,744436.6304310015,211053.78,955490.4104310016
2022-04-11,764264.1303960015,185924.69,950188.8203960015
2022-04-12,764264.1303960015,187643.26,951907.3903960015
2022-04-13,779728.7896060015,176963.99,956692.7796060015
2022-04-14,779728.7896060015,183014.65,962743.4396060015
2022-04-15,795415.2822460015,161751.80000000002,957167.0822460016
2022-04-18,802826.0583460015,153523.65,956349.7083460016
2022-04-19,802826.0583460015,157527.72000000003,960353.7783460016
2022-04-20,802826.0583460015,148207.99,951034.0483460015
2022-04-21,802826.0583460015,141365.21,944191.2683460015
2022-04-22,841892.5348860016,103011.23,944903.7648860016
2022-04-25,841892.5348860016,95083.03,936975.5648860016
2022-04-26,903114.2299870017,31269.839999999997,934384.0699870017
2022-04-27,917584.4876070018,17912.44,935496.9276070017
2022-04-28,609222.0066070019,333002.04,942224.0466070019
2022-04-29,544423.1347070019,403012.6,947435.7347070018
2022-05-05,482093.19840700185,476536.52,958629.7184070018
2022-05-06,515506.9624070018,441573.5,957080.4624070018
2022-05-09,555451.7753670019,400100.84,955552.6153670019
2022-05-10,619695.5900270018,330852.76,950548.3500270018
2022-05-11,791202.3825490018,161541.5,952743.8825490018
2022-05-12,697594.3085490018,252309.0,949903.3085490018
2022-05-13,791151.2330490018,162664.5,953815.7330490018
2022-05-16,681864.3722490018,271320.5,953184.8722490018
2022-05-17,644815.0793490018,311265.0,956080.0793490018
2022-05-18,500530.3154290018,449222.5,949752.8154290018
2022-05-19,276291.7388290019,681350.8,957642.538829002
2022-05-20,273465.8169290019,693142.9,966608.716929002
2022-05-23,401405.1899290018,572133.1000000001,973538.2899290018
2022-05-24,523511.8785290017,433429.4,956941.2785290017
2022-05-25,765227.3421290017,195635.9,960863.2421290018
2022-05-26,786087.5821790018,176648.30000000002,962735.8821790018
2022-05-27,786087.5821790018,180330.1,966417.6821790017
2022-05-30,786087.5821790018,178394.59999999998,964482.1821790017
2022-05-31,786087.5821790018,179693.5,965781.0821790018
2022-06-01,786087.5821790018,184560.5,970648.0821790018
2022-06-02,796450.6723190018,173613.4,970064.0723190018
2022-06-06,796450.6723190018,177191.5,973642.1723190018
2022-06-07,496565.0914150018,478175.06,974740.1514150018
2022-06-08,314349.1594050018,662487.78,976836.9394050018
2022-06-09,215260.99810500187,757484.94,972745.9381050018
2022-06-10,2621.7293250019065,992088.02,994709.749325002
2022-06-13,2621.7293250019065,982755.28,985377.009325002
2022-06-14,221205.8021250021,769937.22,991143.0221250021
2022-06-15,132175.19892500213,847378.7999999999,979553.9989250021
2022-06-16,219385.75281900214,768746.94,988132.6928190021
2022-06-17,17011.6133690021,973457.94,990469.5533690021
2022-06-20,23158.25876900209,971650.76,994809.018769002
2022-06-21,252849.42840900208,729633.81,982483.2384090021
2022-06-22,117567.89990900212,850125.72,967693.6199090021
2022-06-23,92168.38883900213,891545.9299999999,983714.318839002
2022-06-24,136909.8657790021,847669.99,984579.8557790021
2022-06-27,369966.4478230021,631107.47,1001073.9178230021
2022-06-28,116285.55948800211,897661.4199999999,1013946.979488002
2022-06-29,213763.98088800212,782021.3,995785.2808880021
2022-06-30,107154.89858800212,896082.85,1003237.748588002
2022-07-01,2924.1330880021196,1004036.22,1006960.3530880021
2022-07-04,18383.36937200212,1002145.19,1020528.559372002
2022-07-05,29133.11682200215,987710.26,1016843.3768220021
2022-07-06,45576.68038200222,960948.51,1006525.1903820023
2022-07-07,164.89372200225625,1009339.87,1009504.7637220023
2022-07-08,3548.7342910022635,991459.89,995008.6242910023
2022-07-11,53287.718191002234,930816.36,984104.0781910022
2022-07-12,265845.6601860024,701185.33,967030.9901860023
2022-07-13,508289.3952390025,462813.20999999996,971102.6052390025
2022-07-14,425442.2841390025,556318.0800000001,981760.3641390025
2022-07-15,205825.14433900247,764532.47,970357.6143390024
2022-07-18,328747.5795390025,650772.22,979519.7995390025
2022-07-19,331013.3050390025,652587.84,983601.1450390024
2022-07-20,458107.6540390025,532746.64,990854.2940390025
2022-07-21,262115.87413900252,716054.13,978170.0041390025
2022-07-22,394167.5823670026,581197.54,975365.1223670027
2022-07-25,200485.87924700257,757976.35,958462.2292470025
2022-07-26,504297.99261700263,455097.05,959395.0426170026
2022-07-27,529540.3782170026,434780.35000000003,964320.7282170027
2022-07-28,626407.3094170026,339832.5,966239.8094170026
2022-07-29,626407.3094170026,346269.75,972677.0594170026
2022-08-01,776954.1318170027,195108.90000000002,972063.0318170027
2022-08-02,787299.8271770027,179640.25,966940.0771770027
2022-08-03,842455.4755170026,121163.00000000001,963618.4755170026
2022-08-04,852270.0302670026,111773.55,964043.5802670027
2022-08-05,867487.9435230027,94567.06,962055.0035230026
2022-08-08,867487.9435230027,97160.63,964648.5735230027
2022-08-09,867487.9435230027,98823.69000000002,966311.6335230027
2022-08-10,867487.9435230027,99951.67000000001,967439.6135230027
2022-08-11,867487.9435230027,95594.59000000001,963082.5335230026
2022-08-12,867487.9435230027,95841.06,963329.0035230026
2022-08-15,867487.9435230027,98741.86000000002,966229.8035230027
2022-08-16,867487.9435230027,102228.70000000001,969716.6435230027
2022-08-17,867487.9435230027,102072.87999999999,969560.8235230027
2022-08-18,867487.9435230027,106972.39,974460.3335230027
2022-08-19,867487.9435230027,103640.39,971128.3335230027
2022-08-22,882233.1686280026,88642.57999999999,970875.7486280026
2022-08-23,882233.1686280026,89209.89,971443.0586280026
2022-08-24,882233.1686280026,81880.59,964113.7586280026
2022-08-25,882233.1686280026,80308.59,962541.7586280026
2022-08-26,900463.0480230027,59517.58,959980.6280230026
2022-08-29,946823.7156490027,14464.04,961287.7556490027
2022-08-30,946823.7156490027,13493.48,960317.1956490027
2022-08-31,946823.7156490027,12145.48,958969.1956490027
2022-09-01,946823.7156490027,11538.880000000001,958362.5956490027
2022-09-02,958359.1339850026,0.0,958359.1339850026
2022-09-05,958359.1339850026,0.0,958359.1339850026
2022-09-06,958359.1339850026,0.0,958359.1339850026
2022-09-07,958359.1339850026,0.0,958359.1339850026
2022-09-08,958359.1339850026,0.0,958359.1339850026
2022-09-09,958359.1339850026,0.0,958359.1339850026
2022-09-13,958359.1339850026,0.0,958359.1339850026
2022-09-14,958359.1339850026,0.0,958359.1339850026
2022-09-15,958359.1339850026,0.0,958359.1339850026
2022-09-16,958359.1339850026,0.0,958359.1339850026
2022-09-19,958359.1339850026,0.0,958359.1339850026
2022-09-20,958359.1339850026,0.0,958359.1339850026
2022-09-21,958359.1339850026,0.0,958359.1339850026
2022-09-22,958359.1339850026,0.0,958359.1339850026
2022-09-23,958359.1339850026,0.0,958359.1339850026
2022-09-26,958359.1339850026,0.0,958359.1339850026
2022-09-27,958359.1339850026,0.0,958359.1339850026
2022-09-28,958359.1339850026,0.0,958359.1339850026
2022-09-29,958359.1339850026,0.0,958359.1339850026
2022-09-30,958359.1339850026,0.0,958359.1339850026
2022-10-10,958359.1339850026,0.0,958359.1339850026
2022-10-11,958359.1339850026,0.0,958359.1339850026
2022-10-12,958359.1339850026,0.0,958359.1339850026
2022-10-13,958359.1339850026,0.0,958359.1339850026
2022-10-14,746456.5822850025,214783.0,961239.5822850025
2022-10-17,620285.7423850024,344206.0,964491.7423850024
2022-10-18,609050.3729850025,363957.0,973007.3729850025
2022-10-19,670697.2115850025,298987.0,969684.2115850025
2022-10-20,540557.5533850027,426459.0,967016.5533850027
2022-10-21,444893.8858850027,522671.0,967564.8858850027
2022-10-24,256520.33178500267,703564.0,960084.3317850027
2022-10-25,569039.7987850027,383451.0,952490.7987850027
2022-10-26,478066.85002500267,480680.4,958747.2500250028
2022-10-27,459011.24308500264,489009.2,948020.4430850027
2022-10-28,641205.6446850025,293901.0,935106.6446850025
2022-10-31,559041.5938050025,383564.8,942606.3938050026
2022-11-01,668989.6421050025,276874.4,945864.0421050026
2022-11-02,392826.8895050026,552201.2,945028.0895050026
2022-11-03,396773.0074050026,556758.4,953531.4074050026
2022-11-04,375347.1905550026,594911.7,970258.8905550025
2022-11-07,395452.90565500257,571146.3,966599.2056550026
2022-11-08,501753.3041850026,463076.2,964829.5041850025
2022-11-09,354470.1080750025,605145.6,959615.7080750025
2022-11-10,487338.0757230025,465080.81999999995,952418.8957230025
2022-11-11,381604.36696300254,562571.9,944176.2669630025
2022-11-14,221954.7186030025,717455.72,939410.4386030025
2022-11-15,123914.53725500245,835057.52,958972.0572550024
2022-11-16,25513.832255002428,938331.65,963845.4822550025
2022-11-17,116604.49685500244,858538.29,975142.7868550025
2022-11-18,19051.08595500242,947254.45,966305.5359550024
2022-11-21,26382.890720002433,945010.71,971393.6007200024
2022-11-22,1021.0388200024645,959603.6,960624.6388200024
2022-11-23,57334.05294000248,894430.64,951764.6929400025
2022-11-24,21623.933040002474,931423.17,953047.1030400025
2022-11-25,12483.146540002486,939653.27,952136.4165400025
2022-11-28,171880.65434000254,779457.1900000001,951337.8443400026
2022-11-29,157302.54930000255,807510.4,964812.9493000025
2022-11-30,276675.74340000266,692377.45,969053.1934000026
2022-12-01,258795.85662000263,714723.98,973519.8366200026
2022-12-02,31240.1821200026,947846.79,979086.9721200026
2022-12-05,135066.80319000263,854491.4,989558.2031900026
2022-12-06,263780.5412500027,716605.61,980386.1512500027
2022-12-07,195292.9273900027,779697.29,974990.2173900027
2022-12-08,114020.64325000271,862622.21,976642.8532500027
2022-12-09,6269.4014700027365,965283.49,971552.8914700027
2022-12-12,344732.44550300285,621341.12,966073.5655030028
2022-12-13,235429.58746300277,722668.0700000001,958097.6574630028
2022-12-14,8320.731855002836,943696.7,952017.4318550028
2022-12-15,30922.397655002886,922208.47,953130.8676550029
2022-12-16,125779.93181900287,819773.4199999999,945553.3518190028
2022-12-19,79932.05227900289,844458.42,924390.4722790029
2022-12-20,603216.6799750029,315732.54000000004,918949.2199750029
2022-12-21,702319.7013110028,213831.56,916151.2613110028
2022-12-22,719709.4828110029,196954.0,916663.4828110029
2022-12-23,809058.6700110028,107071.91,916130.5800110028
2022-12-26,838938.7033110028,78840.51000000001,917779.2133110028
2022-12-27,838938.7033110028,79901.22,918839.9233110028
2022-12-28,838938.7033110028,78981.97999999998,917920.6833110028
2022-12-29,838938.7033110028,79123.17,918061.8733110029
2022-12-30,838938.7033110028,79290.61,918229.3133110028
2023-01-03,838938.7033110028,80920.63,919859.3333110028
2023-01-04,838938.7033110028,81467.05,920405.7533110029
2023-01-05,838938.7033110028,82034.75,920973.4533110028
2023-01-06,838938.7033110028,81925.41,920864.1133110028
2023-01-09,845676.0015150028,74826.92,920502.9215150028
2023-01-10,845676.0015150028,74593.19,920269.1915150029
2023-01-11,845676.0015150028,73798.41,919474.4115150028
2023-01-12,845676.0015150028,74613.28,920289.2815150028
2023-01-13,845676.0015150028,74822.51000000001,920498.5115150028
2023-01-16,845676.0015150028,74790.17,920466.1715150028
2023-01-17,845676.0015150028,73843.48999999999,919519.4915150028
2023-01-18,845676.0015150028,74434.43000000001,920110.4315150029
2023-01-19,845676.0015150028,74706.38,920382.3815150028
2023-01-20,845676.0015150028,75992.63,921668.6315150028
2023-01-30,845676.0015150028,75164.04,920840.0415150028
2023-01-31,552733.1450150029,364547.39,917280.5350150029
2023-02-01,339890.9843150028,577954.2,917845.1843150028
2023-02-02,474507.9870950028,443424.57999999996,917932.5670950027
2023-02-03,501278.52489500283,418165.68,919444.2048950028
2023-02-06,413306.5278710028,503574.22,916880.7478710028
2023-02-07,249682.39637100272,659441.2,909123.5963710027
2023-02-08,331739.01017100265,576789.9,908528.9101710026
2023-02-09,192576.45624100266,728247.46,920823.9162410026
2023-02-10,3606.5309410026566,915511.14,919117.6709410027
2023-02-13,19903.876441002627,912385.24,932289.1164410026
2023-02-14,28920.442961002627,902355.3,931275.7429610026
2023-02-15,236548.55116100263,694370.16,930918.7111610026
2023-02-16,324784.2831610027,599737.66,924521.9431610027
2023-02-17,290258.59234100266,623111.02,913369.6123410027
2023-02-20,165913.31861500264,758122.5,924035.8186150027
2023-02-21,8360.018115002647,918071.98,926431.9981150026
2023-02-22,287581.5702930027,637904.02,925485.5902930028
2023-02-23,21611.803293002693,902620.28,924232.0832930027
2023-02-24,20187.945343002702,901065.8200000001,921253.7653430027
2023-02-27,15072.242743002698,906738.58,921810.8227430027
2023-02-28,355084.49815300276,566466.78,921551.2781530027
2023-03-01,442442.2829530028,484968.33999999997,927410.6229530028
2023-03-02,182403.76455300278,743873.62,926277.3845530028
2023-03-03,277178.99735300284,647769.0,924947.9973530029
2023-03-06,327560.8290530029,598711.56,926272.3890530029
2023-03-07,451937.2059530028,466933.32,918870.5259530027
2023-03-08,297677.67285300296,620785.3,918462.9728530031
2023-03-09,107803.462653003,806903.94,914707.4026530029
2023-03-10,28359.264701003034,870011.0,898370.264701003
2023-03-13,204104.7401010031,707548.24,911652.9801010031
2023-03-14,56446.98430100316,841965.72,898412.7043010031
2023-03-15,142056.7696010032,758238.34,900295.1096010031
2023-03-16,24396.055901003194,861927.0800000001,886323.1359010033
2023-03-17,575319.2293510032,312451.06,887770.2893510032
2023-03-20,543584.3089510031,343628.57999999996,887212.8889510031
2023-03-21,442223.6200310033,448143.9,890367.5200310033
2023-03-22,178983.80583100335,720659.26,899643.0658310034
2023-03-23,219665.99751100334,685985.6799999999,905651.6775110033
2023-03-24,10333.500011003296,888697.1,899030.6000110033
2023-03-27,215724.0643510033,688631.3,904355.3643510033
2023-03-28,96763.61485100337,801319.77,898083.3848510034
2023-03-29,307657.69901900337,589921.76,897579.4590190034
2023-03-30,229616.15008900338,673136.62,902752.7700890034
2023-03-31,51620.40294900338,865698.26,917318.6629490034
2023-04-03,12664.391459003386,922076.3,934740.6914590035
2023-04-04,17799.468259003395,917441.05,935240.5182590034
2023-04-06,78580.31065900339,866218.11,944798.4206590033
2023-04-07,11899.165006003386,936526.06,948425.2250060034
2023-04-10,11187.667306003386,922792.4299999999,933980.0973060033
2023-04-11,351170.1671690034,599529.9199999999,950700.0871690033
2023-04-12,368859.4591690033,592685.13,961544.5891690033
2023-04-13,294248.48941300326,663885.21,958133.6994130032
2023-04-14,321970.69121300324,634694.18,956664.8712130033
2023-04-17,352948.4401130032,598460.63,951409.0701130033
2023-04-18,284810.8337670032,655213.25,940024.0837670031
2023-04-19,137295.23121700317,802698.65,939993.8812170032
2023-04-20,173889.01202700313,775220.01,949109.0220270031
2023-04-21,25168.588307003156,891412.53,916581.1183070032
2023-04-24,421484.4484510032,496872.26,918356.7084510032
2023-04-25,367294.77470100316,539508.68,906803.4547010032
2023-04-26,287893.9136210033,618213.4299999999,906107.3436210032
2023-04-27,405390.7960450033,504531.23,909922.0260450032
2023-04-28,305464.8098200033,616724.6900000001,922189.4998200033
2023-05-04,58825.81532000328,872983.26,931809.0753200033
2023-05-05,16983.839120003253,902911.0900000001,919894.9291200034
2023-05-08,53708.9824200032,869965.27,923674.2524200032
2023-05-09,49492.77992000323,850487.04,899979.8199200033
2023-05-10,323629.2845020032,576733.9,900363.1845020032
2023-05-11,386772.4409380032,512043.95999999996,898816.4009380031
2023-05-12,436740.2460980031,455999.76,892740.0060980031
2023-05-15,565735.535898003,324124.8,889860.3358980031
2023-05-16,703344.2408980031,180668.62999999998,884012.8708980031
2023-05-17,718972.5110100032,172723.24000000002,891695.7510100032
2023-05-18,727491.7648770032,170709.97000000003,898201.7348770031
2023-05-19,727491.7648770032,177267.24,904759.0048770031
2023-05-22,727491.7648770032,176894.53,904386.2948770032
2023-05-23,727491.7648770032,174904.42000000004,902396.1848770032
2023-05-24,735055.0951970031,162368.17,897423.2651970031
2023-05-25,735055.0951970031,169990.57,905045.6651970032
2023-05-26,735055.0951970031,180787.72000000003,915842.8151970031
2023-05-29,735055.0951970031,185054.69,920109.785197003
2023-05-30,735055.0951970031,194270.82,929325.9151970032
2023-05-31,735055.0951970031,193513.75,928568.8451970031
2023-06-01,735055.0951970031,191852.46,926907.5551970031
2023-06-02,756880.1457170031,173450.05999999997,930330.2057170031
2023-06-05,756880.1457170031,172175.17,929055.3157170032
2023-06-06,756880.1457170031,179549.02000000005,936429.1657170032
2023-06-07,756880.1457170031,192174.19,949054.3357170031
2023-06-08,756880.1457170031,202470.04,959350.1857170032
2023-06-09,756880.1457170031,193677.71,950557.8557170031
2023-06-12,756880.1457170031,195740.09000000003,952620.2357170032
2023-06-13,756880.1457170031,196689.9,953570.0457170032
2023-06-14,756880.1457170031,194970.81,951850.9557170032
2023-06-15,725814.8289170031,220817.40999999997,946632.2389170032
2023-06-16,773585.7733330032,172211.77000000002,945797.5433330032
2023-06-19,790720.8312730031,167741.97999999998,958462.8112730031
2023-06-20,790720.8312730031,157339.53999999998,948060.371273003
2023-06-21,790720.8312730031,144662.74,935383.5712730031
2023-06-26,790720.8312730031,134743.59,925464.4212730031
2023-06-27,799105.1152330032,127325.23999999999,926430.3552330032
2023-06-28,799105.1152330032,121740.64,920845.7552330032
2023-06-29,799105.1152330032,122392.48000000001,921497.5952330031
2023-06-30,799105.1152330032,123871.93,922977.0452330031
2023-07-03,799105.1152330032,125874.14,924979.2552330032
2023-07-04,799105.1152330032,131239.57,930344.6852330032
2023-07-05,769826.3342330032,154443.88,924270.2142330032
2023-07-06,769826.3342330032,159501.16,929327.4942330032
2023-07-07,769826.3342330032,158030.52999999997,927856.8642330032
2023-07-10,769826.3342330032,151615.78999999998,921442.1242330032
2023-07-11,769826.3342330032,158733.86,928560.1942330032
2023-07-12,769826.3342330032,151877.74,921704.0742330032
2023-07-13,769826.3342330032,146175.07,916001.4042330033
2023-07-14,769826.3342330032,151600.37,921426.7042330032
2023-07-17,769826.3342330032,146413.89,916240.2242330032
2023-07-18,769826.3342330032,140716.22,910542.5542330032
2023-07-19,769826.3342330032,142471.93000000002,912298.2642330033
2023-07-20,769826.3342330032,142983.54,912809.8742330032
2023-07-21,769826.3342330032,154801.71000000002,924628.0442330032
2023-07-24,769826.3342330032,163092.2,932918.5342330032
2023-07-25,769826.3342330032,159922.96000000002,929749.2942330032
2023-07-26,769826.3342330032,157921.56,927747.8942330033
2023-07-27,769826.3342330032,152047.59,921873.9242330032
2023-07-28,769826.3342330032,143188.81,913015.1442330033
2023-07-31,769826.3342330032,142563.41999999998,912389.7542330031
2023-08-01,491992.0089330031,416333.7,908325.7089330031
2023-08-02,634475.9192810031,272256.6,906732.519281003
2023-08-03,431508.62878100306,474453.39,905962.0187810031
2023-08-04,273168.9034810031,631228.09,904396.993481003
2023-08-07,417776.2848810031,484439.95,902216.2348810032
2023-08-08,386936.9717810032,517395.26,904332.2317810032
2023-08-09,88590.35718100307,812582.5800000001,901172.9371810032
2023-08-10,388149.1426670031,516148.7,904297.8426670032
2023-08-11,358557.2677670031,539630.2,898187.467767003
2023-08-14,676529.5622670032,222186.5,898716.0622670032
2023-08-15,853698.3956670032,44858.8,898557.1956670033
2023-08-16,853698.3956670032,43432.2,897130.5956670032
2023-08-17,866886.6380070032,29400.0,896286.6380070032
2023-08-18,866886.6380070032,26460.0,893346.6380070032
2023-08-21,866886.6380070032,25788.0,892674.6380070032
2023-08-22,874620.7170870033,17257.8,891878.5170870033
2023-08-23,874620.7170870033,16919.7,891540.4170870032
2023-08-24,874620.7170870033,16890.3,891511.0170870033
2023-08-25,874620.7170870033,16405.2,891025.9170870032
2023-08-28,845596.0122870033,45136.3,890732.3122870034
2023-08-29,605989.3781970033,302789.0,908778.3781970033
2023-08-30,430421.72369700327,489500.0,919921.7236970032
2023-08-31,402777.43289700325,513279.0,916056.4328970033
2023-09-01,356373.04329700326,553162.0,909535.0432970033
2023-09-04,83874.02863700324,840694.4,924568.4286370033
2023-09-05,219384.07273700327,687880.4,907264.4727370034
2023-09-06,358290.57285700314,542371.0,900661.5728570032
2023-09-07,515269.80325700314,382668.4,897938.2032570031
2023-09-08,579076.3804970032,312773.6,891849.9804970032
2023-09-11,667270.3235970032,225735.0,893005.3235970032
2023-09-12,434155.6488970032,457370.8,891526.4488970032
2023-09-13,240860.4026870032,646100.7,886961.1026870031
2023-09-14,348502.64149700326,532939.4,881442.0414970033
2023-09-15,199823.56187700335,680449.0,880272.5618770034
2023-09-18,312137.4347770033,566985.0,879122.4347770032
2023-09-19,619100.3182770034,254849.0,873949.3182770034
2023-09-20,532379.8342770034,340649.0,873028.8342770034
2023-09-21,566334.6430570035,305072.2,871406.8430570036
2023-09-22,682003.9318570035,191216.8,873220.7318570034
2023-09-25,739174.7754570034,135324.40000000002,874499.1754570034
2023-09-26,825984.7246570034,46916.399999999994,872901.1246570034
2023-09-27,825984.7246570034,46360.0,872344.7246570034
2023-09-28,850946.6865870034,22051.399999999998,872998.0865870034
2023-10-09,850946.6865870034,23354.8,874301.4865870035
2023-10-10,850946.6865870034,22889.300000000003,873835.9865870035
2023-10-11,850946.6865870034,22809.499999999996,873756.1865870034
2023-10-12,850946.6865870034,22490.3,873436.9865870035
2023-10-13,850946.6865870034,22211.0,873157.6865870034
2023-10-16,850946.6865870034,22423.8,873370.4865870035
2023-10-17,850946.6865870034,23195.2,874141.8865870034
2023-10-18,850946.6865870034,22237.6,873184.2865870034
2023-10-19,850946.6865870034,22011.5,872958.1865870034
2023-10-20,850946.6865870034,21000.699999999997,871947.3865870034
2023-10-23,850946.6865870034,21732.2,872678.8865870034
2023-10-24,850946.6865870034,21492.8,872439.4865870035
2023-10-25,850946.6865870034,21905.1,872851.7865870034
2023-10-26,568167.8783870033,310845.0,879012.8783870033
2023-10-27,466448.3716870033,420180.3,886628.6716870032
2023-10-30,528576.8175600033,371635.66000000003,900212.4775600033
2023-10-31,325814.0853600033,568720.03,894534.1153600033
2023-11-01,396444.37296000327,495976.76,892421.1329600033
2023-11-02,492997.6203000034,389642.17,882639.7903000034
2023-11-03,445066.33440000337,444981.62,890047.9544000034
2023-11-06,245633.27020000346,661753.0,907386.2702000034
2023-11-07,327351.7473000035,588525.02,915876.7673000034
2023-11-08,306378.7344520035,603571.79,909950.5244520035
2023-11-09,283721.0734520035,617476.3,901197.3734520036
2023-11-10,505927.25133200345,395141.38,901068.6313320035
2023-11-13,313091.4236640033,590649.5800000001,903741.0036640035
2023-11-14,84875.3992640033,824122.19,908997.5892640032
2023-11-15,25367.9344640033,891366.39,916734.3244640033
2023-11-16,64165.99155400331,836710.38,900876.3715540033
2023-11-17,92468.92933400332,821910.92,914379.8493340034
2023-11-20,30256.442234003374,900171.29,930427.7322340034
2023-11-21,28731.546574003376,888923.3400000001,917654.8865740035
2023-11-22,108133.93577400348,800483.17,908617.1057740035
2023-11-23,180366.13807400354,738125.03,918491.1680740035
2023-11-24,7767.408174003562,897535.17,905302.5781740036
2023-11-27,465012.62344500364,444028.13,909040.7534450036
2023-11-28,251599.37864500363,661946.01,913545.3886450037
2023-11-29,100236.45215300376,816024.22,916260.6721530037
2023-11-30,13274.654553003755,908714.26,921988.9145530037
2023-12-01,3363.4601530037507,924952.4500000001,928315.9101530039
2023-12-04,30408.819553003745,895580.03,925988.8495530038
2023-12-05,255530.0890470038,662446.49,917976.5790470038
2023-12-06,204912.3669070037,706052.76,910965.1269070037
2023-12-07,151611.9418670039,755037.6900000001,906649.631867004
2023-12-08,14859.640123003894,888768.2,903627.8401230038
2023-12-11,339566.3042250039,571760.89,911327.194225004
2023-12-12,210168.24554500385,706747.09,916915.3355450039
2023-12-13,223293.1954050039,691935.42,915228.615405004
2023-12-14,216394.78713800386,686575.21,902969.9971380038
2023-12-15,308550.8464300039,589489.3999999999,898040.2464300038
2023-12-18,488982.17078900395,402142.76,891124.930789004
2023-12-19,762207.0387440041,128798.31999999999,891005.358744004
2023-12-20,498135.40868400404,382024.67000000004,880160.078684004
2023-12-21,685942.6203840042,192089.97,878032.5903840042
2023-12-22,712655.6040840042,163957.81,876613.4140840042
2023-12-25,734711.5853040041,140950.58000000002,875662.1653040042
2023-12-26,789975.0013040041,85585.85,875560.8513040041
2023-12-27,819086.2653040041,57148.28,876234.5453040041
2023-12-28,819086.2653040041,57634.71000000001,876720.975304004
2023-12-29,540959.8524040041,343248.1,884207.952404004
2024-01-02,510929.427104004,371638.54000000004,882567.967104004
2024-01-03,530841.6253040042,355854.68,886696.3053040041
2024-01-04,391006.00800400425,495686.35,886692.3580040042
2024-01-05,85085.56810400428,782566.55,867652.1181040043
2024-01-08,383644.6824240043,469120.54,852765.2224240042
2024-01-09,447665.1195240043,409219.31,856884.4295240042
2024-01-10,260109.52227400432,595301.53,855411.0522740043
2024-01-11,244259.28067400432,623891.62,868150.9006740043
2024-01-12,13124.497374004404,850350.09,863474.5873740044
2024-01-15,8244.634174004419,856181.0,864425.6341740044
2024-01-16,9510.387774004455,857528.8,867039.1877740045
2024-01-17,268593.84909900447,582575.34,851169.1890990045
2024-01-18,531787.4078910045,318029.57999999996,849816.9878910044
2024-01-19,684366.4504420045,160648.0,845014.4504420045
2024-01-22,709746.8340420044,126771.25,836518.0840420044
2024-01-23,821380.3339420044,14369.25,835749.5839420044
2024-01-24,835745.2731670043,0.0,835745.2731670043
2024-01-25,570323.6705670044,267532.0,837855.6705670044
2024-01-26,568664.0453670043,269191.0,837855.0453670043
2024-01-29,674984.1397670043,153402.0,828386.1397670043
2024-01-30,747558.2248670042,78190.0,825748.2248670042
2024-01-31,825724.7678670041,0.0,825724.7678670041
2024-02-01,825724.7678670041,0.0,825724.7678670041
2024-02-02,825724.7678670041,0.0,825724.7678670041
2024-02-05,825724.7678670041,0.0,825724.7678670041
2024-02-06,825724.7678670041,0.0,825724.7678670041
2024-02-07,661351.4706670041,165876.0,827227.4706670041
2024-02-08,660749.4848670041,167539.0,828288.4848670041
2024-02-19,633666.3623670042,200595.0,834261.3623670042
2024-02-20,718035.4334670042,117793.0,835828.4334670042
2024-02-21,718035.4334670042,116666.0,834701.4334670042
2024-02-22,746280.9572670042,91671.0,837951.9572670042
2024-02-23,746280.9572670042,91890.0,838170.9572670042
2024-02-26,726522.0313670042,108492.0,835014.0313670042
2024-02-27,726522.0313670042,109267.0,835789.0313670042
2024-02-28,457589.37576700404,380451.0,838040.375767004
2024-02-29,378867.766367004,467683.0,846550.766367004
2024-03-01,323007.01316700404,519347.0,842354.0131670041
2024-03-04,406073.08586700406,438736.0,844809.085867004
2024-03-05,398853.7299670042,446789.0,845642.7299670042
2024-03-06,204848.18696700427,643346.0,848194.1869670043
2024-03-07,41084.631667004316,804287.0,845371.6316670043
2024-03-08,51430.01273700433,798686.0,850116.0127370043
2024-03-11,3027.9428470043276,852441.9,855469.8428470043
2024-03-12,211354.6871670044,641538.7,852893.3871670044
2024-03-13,333880.79294700443,519072.0,852952.7929470044
2024-03-14,191105.7589470044,665932.5,857038.2589470043
2024-03-15,59807.62537700443,799234.9,859042.5253770044
2024-03-18,133520.39640700445,725413.0,858933.3964070044
2024-03-19,273619.0737070045,578622.2999999999,852241.3737070044
2024-03-20,373825.6469070044,478316.8,852142.4469070043
2024-03-21,404039.7540070044,448654.0,852693.7540070044
2024-03-22,497542.8946470044,350497.6,848040.4946470044
2024-03-25,418905.7801470043,424980.8,843886.5801470042
2024-03-26,563945.4111470042,280083.6,844029.0111470042
2024-03-27,633333.3885070041,205883.0,839216.3885070041
2024-03-28,761683.8718070042,79262.8,840946.6718070043
2024-03-29,761683.8718070042,82768.0,844451.8718070042
2024-04-01,768351.4709270042,77278.20000000001,845629.6709270042
2024-04-02,768351.4709270042,76976.71999999999,845328.1909270042
2024-04-03,777689.4686870043,70239.52,847928.9886870043
2024-04-08,784866.7948430043,61292.32,846159.1148430043
2024-04-09,784866.7948430043,60828.0,845694.7948430043
2024-04-10,784866.7948430043,60528.72,845395.5148430043
2024-04-11,784866.7948430043,62113.4,846980.1948430043
2024-04-12,784866.7948430043,63451.88,848318.6748430043
2024-04-15,794401.5335630043,52881.64,847283.1735630044
2024-04-16,794401.5335630043,51914.520000000004,846316.0535630044
2024-04-17,808487.7464310044,37406.32,845894.0664310043
2024-04-18,531020.5312310043,314974.6,845995.1312310043
2024-04-19,394489.58423100435,449664.12,844153.7042310043
2024-04-22,474687.8918310043,367391.64,842079.5318310043
2024-04-23,418443.23323100427,415634.64,834077.8732310042
2024-04-24,370589.91323100444,463274.72,833864.6332310045
2024-04-25,336625.1404310045,497123.16000000003,833748.3004310045
2024-04-26,167942.9662750045,665460.72,833403.6862750044
2024-04-29,172300.9509430046,668142.04,840442.9909430046
2024-04-30,367754.9539830046,474619.04000000004,842373.9939830047
2024-05-06,532630.4764830046,319721.18,852351.6564830046
2024-05-07,341422.10088300484,515187.8,856609.9008830048
2024-05-08,311301.46608300484,541585.74,852887.2060830048
2024-05-09,171953.6742830048,699926.9199999999,871880.5942830048
2024-05-10,10142.577521004798,857672.44,867815.0175210048
2024-05-13,157482.3623210048,709485.26,866967.6223210047
2024-05-14,295177.3896210048,570658.52,865835.9096210048
2024-05-15,373065.2269210048,489139.51,862204.7369210048
2024-05-16,430184.2593210048,430063.86,860248.1193210047
2024-05-17,565255.0259310048,295832.6,861087.6259310048
2024-05-20,601369.8482330047,260358.4,861728.2482330047
2024-05-21,601369.8482330047,258763.77000000002,860133.6182330047
2024-05-22,601369.8482330047,257626.59,858996.4382330047
2024-05-23,648863.6158270047,208221.21,857084.8258270046
2024-05-24,668211.4097470046,189793.19999999998,858004.6097470046
2024-05-27,714889.5021170046,146720.49000000002,861609.9921170046
2024-05-28,729561.8781750046,129703.95999999999,859265.8381750046
2024-05-29,738757.1187750046,120820.68,859577.7987750047
2024-05-30,753084.3393190047,102322.89,855407.2293190047
2024-05-31,761381.6493790047,92726.48000000001,854108.1293790047
2024-06-03,781164.0128890048,70913.92,852077.9328890048
2024-06-04,799359.2526790048,53954.880000000005,853314.1326790048
2024-06-05,799359.2526790048,52240.37,851599.6226790048
2024-06-06,799359.2526790048,53140.01,852499.2626790048
2024-06-07,799359.2526790048,53127.759999999995,852487.0126790048
2024-06-11,799359.2526790048,52786.229999999996,852145.4826790048
2024-06-12,799359.2526790048,53840.71000000001,853199.9626790048
2024-06-13,799359.2526790048,53229.19,852588.4426790047
2024-06-14,799359.2526790048,52726.45,852085.7026790048
2024-06-17,799359.2526790048,51775.36,851134.6126790048
2024-06-18,799359.2526790048,51852.78,851212.0326790048
2024-06-19,799359.2526790048,51341.22,850700.4726790048
2024-06-20,799359.2526790048,51177.560000000005,850536.8126790049
2024-06-21,799359.2526790048,51467.64,850826.8926790048
2024-06-24,771135.7881790048,79129.68,850265.4681790047
2024-06-25,771135.7881790048,79623.84,850759.6281790048
2024-06-26,771135.7881790048,79709.22,850845.0081790048
2024-06-27,771135.7881790048,77024.67000000001,848160.4581790048
2024-06-28,833478.4997530048,14707.35,848185.8497530047
2024-07-01,833478.4997530048,15626.1,849104.5997530047
2024-07-02,833478.4997530048,15508.500000000002,848986.9997530048
2024-07-03,833478.4997530048,15067.5,848545.9997530048
2024-07-04,833478.4997530048,15141.000000000002,848619.4997530048
2024-07-05,833478.4997530048,15001.35,848479.8497530047
2024-07-08,833478.4997530048,15111.599999999999,848590.0997530047
2024-07-09,833478.4997530048,15545.249999999998,849023.7497530048
2024-07-10,833478.4997530048,14700.0,848178.4997530048
2024-07-11,833478.4997530048,15001.35,848479.8497530047
2024-07-12,833478.4997530048,14501.550000000001,847980.0497530048
2024-07-15,847975.6992880048,0.0,847975.6992880048
2024-07-16,847975.6992880048,0.0,847975.6992880048
2024-07-17,847975.6992880048,0.0,847975.6992880048
2024-07-18,847975.6992880048,0.0,847975.6992880048
2024-07-19,847975.6992880048,0.0,847975.6992880048
2024-07-22,847975.6992880048,0.0,847975.6992880048
2024-07-23,847975.6992880048,0.0,847975.6992880048
2024-07-24,847975.6992880048,0.0,847975.6992880048
2024-07-25,847975.6992880048,0.0,847975.6992880048
2024-07-26,847975.6992880048,0.0,847975.6992880048
2024-07-29,847975.6992880048,0.0,847975.6992880048
2024-07-30,847975.6992880048,0.0,847975.6992880048
2024-07-31,847975.6992880048,0.0,847975.6992880048
2024-08-01,576496.2798880046,269892.0,846388.2798880046
2024-08-02,599596.9157880048,244066.0,843662.9157880048
2024-08-05,622619.3197880047,212421.0,835040.3197880047
2024-08-06,561231.4945880048,272582.0,833813.4945880048
2024-08-07,459147.5782880049,373486.0,832633.578288005
2024-08-08,411207.7260880049,419315.0,830522.7260880049
2024-08-09,416080.06408800493,411202.0,827282.0640880049
2024-08-12,284808.34488800494,537619.0,822427.3448880049
2024-08-13,456299.08568800497,372499.0,828798.085688005
2024-08-14,482506.16218800494,344416.0,826922.1621880049
2024-08-15,689985.8995880049,135734.0,825719.8995880049
2024-08-16,767856.5313880049,57770.0,825626.5313880049
2024-08-19,776577.3143680049,49529.399999999994,826106.7143680049
2024-08-20,785074.3644880049,39797.8,824872.164488005
2024-08-21,785074.3644880049,40755.399999999994,825829.764488005
2024-08-22,785074.3644880049,39407.2,824481.5644880049
2024-08-23,804315.790328005,19000.8,823316.590328005
2024-08-26,823310.890088005,0.0,823310.890088005
2024-08-27,823310.890088005,0.0,823310.890088005
2024-08-28,823310.890088005,0.0,823310.890088005
2024-08-29,823310.890088005,0.0,823310.890088005
2024-08-30,823310.890088005,0.0,823310.890088005
2024-09-02,554412.2446880051,271122.0,825534.2446880051
2024-09-03,425012.1038880051,403867.0,828879.103888005
2024-09-04,423191.84708800504,409597.0,832788.847088005
2024-09-05,231126.54128800498,602450.0,833576.541288005
2024-09-06,224437.55708800498,599729.0,824166.557088005
2024-09-09,464889.8124880051,356280.0,821169.812488005
2024-09-10,353986.52068800514,470687.0,824673.5206880051
2024-09-11,300209.7866880051,529733.0,829942.7866880051
2024-09-12,93467.33720800513,733479.6,826946.9372080051
2024-09-13,124697.49440800516,698084.0,822781.4944080052
2024-09-18,308224.2366080051,514131.4,822355.6366080052
2024-09-19,396241.9428080052,428144.7,824386.6428080052
2024-09-20,389356.2953680052,436021.5,825377.7953680052
2024-09-23,148341.0491680051,673275.9,821616.9491680051
2024-09-24,254259.38626800512,585959.4,840218.7862680051
2024-09-25,254148.98218200516,586153.27,840302.2521820052
2024-09-26,255279.26278200513,602586.45,857865.7127820051
2024-09-27,171858.24398200514,719912.04,891770.2839820052
2024-09-30,191443.56662200516,775964.81,967408.3766220052
2024-10-08,314630.3994820051,712646.8300000001,1027277.2294820051
2024-10-09,382414.05828200513,600314.2100000002,982728.2682820053
2024-10-10,362337.7399220051,613275.87,975613.6099220051
2024-10-11,341961.42428400525,612807.93,954769.3542840052
2024-10-14,281489.8762040052,688963.72,970453.5962040052
2024-10-15,290413.3510440052,669828.1800000002,960241.5310440054
2024-10-16,544520.5360120051,414006.39,958526.9260120051
2024-10-17,544520.5360120051,414334.69,958855.226012005
2024-10-18,558008.988262005,415736.6500000001,973745.638262005
2024-10-21,249153.53728100506,738602.8300000001,987756.3672810051
2024-10-22,21409.23448100507,977597.25,999006.4844810051
2024-10-23,21409.23448100507,990395.77,1011805.0044810051
2024-10-24,26876.207901005073,982651.9700000001,1009528.1779010051
2024-10-25,31073.121340005076,1000984.11,1032057.2313400051
2024-10-28,171620.2145590051,885769.85,1057390.0645590052
2024-10-29,33396.69315900512,1017923.83,1051320.523159005
2024-10-30,132448.66975500522,926276.0499999999,1058724.719755005
2024-10-31,130438.36245500525,940055.3599999999,1070493.7224550052
2024-11-01,18854.956363005273,1018317.1,1037172.0563630052
2024-11-04,100535.73854100522,949976.57,1050512.3085410052
2024-11-05,9694.145941005241,1068367.58,1078061.7259410054
2024-11-06,10159.002126005238,1071517.28,1081676.2821260053
2024-11-07,21544.18554600524,1068994.79,1090538.9755460052
2024-11-08,33455.67454600524,1061408.3,1094863.9745460053
2024-11-11,33104.42914600525,1084690.26,1117794.6891460053
2024-11-12,10906.020846005253,1101740.09,1112646.1108460054
2024-11-13,46058.58553400528,1055361.62,1101420.2055340053
2024-11-14,3414.9321070052974,1065298.04,1068712.9721070053
2024-11-15,269422.9057670053,773191.0800000001,1042613.9857670054
2024-11-18,467717.9996010053,554565.99,1022283.9896010053
2024-11-19,487573.5553920053,554241.36,1041814.9153920054
2024-11-20,487573.5553920053,562866.3999999999,1050439.9553920052
2024-11-21,487573.5553920053,566182.6599999999,1053756.2153920052
2024-11-22,452858.1438920053,576230.2099999998,1029088.3538920052
2024-11-25,449740.27865000535,591050.4,1040790.6786500054
2024-11-26,473843.1456200053,553627.9400000001,1027471.0856200054
2024-11-27,498682.8914600053,534817.6599999999,1033500.5514600052
2024-11-28,547157.9245860053,483693.6500000001,1030851.5745860054
2024-11-29,547157.9245860053,495243.81,1042401.7345860053
2024-12-02,547157.9245860053,500235.88000000006,1047393.8045860054
2024-12-03,581903.2578580052,464001.80999999994,1045905.0678580052
2024-12-04,581903.2578580052,462897.2,1044800.4578580053
2024-12-05,581903.2578580052,475576.70000000007,1057479.9578580053
2024-12-06,581903.2578580052,478398.33,1060301.5878580052
2024-12-09,590937.8966530053,468074.68000000005,1059012.5766530053
2024-12-10,590937.8966530053,470623.49,1061561.3866530051
2024-12-11,590937.8966530053,477338.43,1068276.3266530053
2024-12-12,590937.8966530053,482451.87,1073389.7666530053
2024-12-13,590937.8966530053,474423.3599999999,1065361.2566530053
2024-12-16,611141.3937850053,443663.36999999994,1054804.7637850053
2024-12-17,632172.2526340053,404464.7199999999,1036636.9726340051
2024-12-18,644872.5727610053,391693.48,1036566.0527610052
2024-12-19,612544.8773610053,424211.02,1036755.8973610053
2024-12-20,594247.2036100053,450819.86000000004,1045067.0636100054
2024-12-23,612179.6454600053,411018.74000000005,1023198.3854600054
2024-12-24,862826.7887520052,163598.14,1026424.9287520052
2024-12-25,862826.7887520052,157679.59000000003,1020506.3787520053
2024-12-26,893949.1992270052,128705.57999999999,1022654.7792270052
2024-12-27,913121.0659410052,108222.25,1021343.3159410052
2024-12-30,913121.0659410052,107954.71000000002,1021075.7759410052
2024-12-31,913121.0659410052,103159.12,1016280.1859410052
2025-01-02,972797.8075460052,45545.5,1018343.3075460052
2025-01-03,980945.0426420053,36290.87,1017235.9126420052
2025-01-06,980945.0426420053,37654.54,1018599.5826420053
2025-01-07,980945.0426420053,38775.659999999996,1019720.7026420053
2025-01-08,980945.0426420053,41594.63,1022539.6726420053
2025-01-09,980945.0426420053,41589.24,1022534.2826420052
2025-01-10,980945.0426420053,39476.36,1020421.4026420052
2025-01-13,980945.0426420053,35908.18,1016853.2226420053
2025-01-14,980945.0426420053,38958.92,1019903.9626420053
2025-01-15,650050.8041420053,366979.73,1017030.5341420053
2025-01-16,488017.2086420052,535791.44,1023808.6486420052
2025-01-17,356557.7018420052,678107.77,1034665.4718420052
2025-01-20,321492.44354200514,714424.9299999999,1035917.3735420051
2025-01-21,519901.45594200515,517553.53,1037454.9859420052
2025-01-22,582268.8782420052,447237.02,1029505.8982420053
2025-01-23,482687.80004200526,547362.59,1030050.3900420052
2025-01-24,564724.2433120052,473188.48,1037912.7233120052
2025-01-27,641273.6375020052,392421.81,1033695.4475020051
2025-02-05,834138.5606620052,195673.66,1029812.2206620052
2025-02-06,941896.9734370052,90138.70000000001,1032035.6734370051
2025-02-07,606851.4899370051,429665.05,1036516.5399370051
2025-02-10,636762.5139370051,405983.37,1042745.8839370051
2025-02-11,444896.8686570051,608872.4,1053769.2686570052
2025-02-12,328873.367557005,732319.5800000001,1061192.947557005
2025-02-13,343253.6130570051,704395.31,1047648.9230570052
2025-02-14,384230.69825700513,661658.95,1045889.648257005
2025-02-17,368051.3109170052,683051.66,1051102.970917005
2025-02-18,596034.9535170051,443982.26,1040017.2135170051
2025-02-19,380453.11841700505,672273.91,1052727.0284170052
2025-02-20,9974.00801700505,1060313.3399999999,1070287.3480170048
2025-02-21,29276.21561700505,1062697.63,1091973.845617005
2025-02-24,15677.30014700503,1081592.8699999999,1097270.170147005
2025-02-25,319465.13644700503,773504.6,1092969.736447005
2025-02-26,52959.707947004994,1057746.74,1110706.447947005
2025-02-27,33478.304247005,1080813.15,1114291.4542470048
2025-02-28,20482.12570700499,1049246.56,1069728.685707005
2025-03-03,571335.979959005,493772.13,1065108.109959005
2025-03-04,542809.2796430051,535647.53,1078456.809643005
2025-03-05,760342.9999430052,322293.92000000004,1082636.9199430053
2025-03-06,760342.9999430052,331780.61,1092123.6099430053
2025-03-07,774041.3891930052,317565.38,1091606.7691930053
2025-03-10,774041.3891930052,311766.9,1085808.2891930053
2025-03-11,774041.3891930052,311256.26,1085297.6491930052
2025-03-12,795732.0800330052,288038.91,1083770.9900330051
2025-03-13,813293.8099330051,266744.87999999995,1080038.689933005
2025-03-14,851141.8121250052,231560.72000000003,1082702.5321250053
2025-03-17,851141.8121250052,230772.67,1081914.4821250052
2025-03-18,851141.8121250052,232931.65,1084073.4621250052
2025-03-19,872512.9188690052,210413.47000000003,1082926.3888690053
2025-03-20,880447.6977210052,200603.69,1081051.3877210051
2025-03-21,889194.5864210052,186531.73,1075726.3164210052
2025-03-24,897329.8551080052,175804.71,1073134.5651080052
2025-03-25,897329.8551080052,175386.87,1072716.725108005
2025-03-26,897329.8551080052,178187.06,1075516.9151080053
2025-03-27,905923.8361400053,172184.30000000002,1078108.1361400052
2025-03-28,922219.8750640053,153565.25999999998,1075785.1350640052
2025-03-31,933664.3107030053,143162.34,1076826.6507030053
2025-04-01,933664.3107030053,142535.45,1076199.7607030054
2025-04-02,951483.9024160053,125175.45999999999,1076659.3624160052
2025-04-03,951483.9024160053,121983.21,1073467.1124160052
2025-04-07,951483.9024160053,107630.94999999998,1059114.8524160052
2025-04-08,1059082.5631310053,0.0,1059082.5631310053
2025-04-09,1059082.5631310053,0.0,1059082.5631310053
2025-04-10,715066.3892310052,350931.0,1065997.3892310052
2025-04-11,612630.6677310051,455235.0,1067865.6677310052
2025-04-14,648705.4217310052,424914.0,1073619.4217310052
2025-04-15,716884.5015310051,351307.0,1068191.5015310051
2025-04-16,783184.261431005,281127.0,1064311.2614310049
2025-04-17,830734.3150310051,231944.8,1062679.115031005
2025-04-18,830734.3150310051,229696.8,1060431.115031005
2025-04-21,931983.9310310051,129509.2,1061493.1310310052
2025-04-22,1036698.507231005,25051.6,1061750.107231005
2025-04-23,1036698.507231005,24108.0,1060806.507231005
2025-04-24,1036698.507231005,24768.8,1061467.307231005
2025-04-25,1036698.507231005,23906.399999999998,1060604.907231005
2025-04-28,1036698.507231005,23713.2,1060411.707231005
2025-04-29,1036698.507231005,23522.800000000003,1060221.307231005
2025-04-30,1060214.250391005,0.0,1060214.250391005
2025-05-06,1060214.250391005,0.0,1060214.250391005
2025-05-07,713779.3510910051,347033.0,1060812.3510910051
2025-05-08,608805.205591005,454928.0,1063733.205591005
2025-05-09,539079.294091005,523814.0,1062893.2940910049
2025-05-12,673268.025391005,388662.0,1061930.025391005
2025-05-13,690651.5286910048,364983.0,1055634.528691005
2025-05-14,712917.016491005,340235.0,1053152.016491005
2025-05-15,419314.2890910049,628329.0,1047643.2890910049
2025-05-16,486911.5152910049,564424.0,1051335.515291005
2025-05-19,486911.5152910049,563152.0,1050063.515291005
2025-05-20,1010216.4766910049,39760.0,1049976.4766910048
2025-05-21,1010216.4766910049,41720.0,1051936.4766910048
2025-05-22,1022728.7218910049,29792.0,1052520.721891005
2025-05-23,1022728.7218910049,28714.0,1051442.721891005
2025-05-26,1022728.7218910049,26460.0,1049188.721891005
2025-05-27,1022728.7218910049,27097.0,1049825.721891005
2025-05-28,1022728.7218910049,25774.0,1048502.7218910049
2025-05-29,1048474.1600910049,0.0,1048474.1600910049
2025-05-30,1048474.1600910049,0.0,1048474.1600910049
2025-06-03,1048474.1600910049,0.0,1048474.1600910049
2025-06-04,1048474.1600910049,0.0,1048474.1600910049
2025-06-05,1048474.1600910049,0.0,1048474.1600910049
2025-06-06,1048474.1600910049,0.0,1048474.1600910049
2025-06-09,1048474.1600910049,0.0,1048474.1600910049
2025-06-10,1048474.1600910049,0.0,1048474.1600910049
2025-06-11,1048474.1600910049,0.0,1048474.1600910049
2025-06-12,1048474.1600910049,0.0,1048474.1600910049
2025-06-13,1048474.1600910049,0.0,1048474.1600910049
2025-06-16,1048474.1600910049,0.0,1048474.1600910049
2025-06-17,1048474.1600910049,0.0,1048474.1600910049
2025-06-18,1048474.1600910049,0.0,1048474.1600910049
2025-06-19,1048474.1600910049,0.0,1048474.1600910049
2025-06-20,1048474.1600910049,0.0,1048474.1600910049
2025-06-23,1048474.1600910049,0.0,1048474.1600910049
2025-06-24,1048474.1600910049,0.0,1048474.1600910049
2025-06-25,1048474.1600910049,0.0,1048474.1600910049
2025-06-26,712933.5280910048,340671.0,1053604.5280910048
2025-06-27,608906.3292910048,444672.0,1053578.3292910047
2025-06-30,441716.2306910049,621533.0,1063249.230691005
2025-07-01,493147.2718410049,582535.5,1075682.771841005
2025-07-02,603084.480781005,473269.7,1076354.180781005
2025-07-03,317916.3160310051,763603.6,1081519.916031005
2025-07-04,180580.81423100515,899323.8,1079904.6142310053
2025-07-07,291485.0444310052,794163.5,1085648.5444310051
2025-07-08,362372.52263100515,731961.4,1094333.9226310053
2025-07-09,397864.20063100517,688302.7,1086166.9006310052
2025-07-10,404076.02523100516,680126.9,1084202.925231005
2025-07-11,236134.35951100528,851261.88,1087396.2395110053
2025-07-14,355140.87512600527,730962.1,1086102.9751260052
2025-07-15,175584.20552600524,910187.89,1085772.0955260051
2025-07-16,319583.5758260052,770248.75,1089832.325826005
2025-07-17,313070.71221600525,791057.73,1104128.4422160052
2025-07-18,341658.8831910052,765077.3,1106736.1831910051
2025-07-21,12663.346691005165,1122907.4,1135570.746691005
2025-07-22,10187.441251005155,1123839.65,1134027.091251005
2025-07-23,17268.936051005177,1109648.9100000001,1126917.8460510054
2025-07-24,16133.843951005234,1117601.92,1133735.7639510052
2025-07-25,113516.72032100522,1019079.4500000001,1132596.1703210054
2025-07-28,173571.38873000524,962265.5800000001,1135836.9687300054
2025-07-29,468044.5610300054,682154.52,1150199.0810300054
2025-07-30,469119.74453000544,672115.44,1141235.1845300053
2025-07-31,536966.5328300053,603852.21,1140818.7428300052
2025-08-01,400755.7052000051,742456.3799999999,1143212.085200005
2025-08-04,30827.386000005055,1119117.6,1149944.9860000052
2025-08-05,60219.79030000507,1106936.33,1167156.1203000052
2025-08-06,410253.54866000515,768742.46,1178996.0086600052
2025-08-07,67745.8984600052,1102101.03,1169846.9284600052
2025-08-08,34348.33106000522,1136221.23,1170569.561060005
2025-08-11,327383.3941600052,872825.3200000001,1200208.7141600053
2025-08-12,556198.8115410053,647308.3499999999,1203507.1615410051
2025-08-13,591796.1291410052,625179.8800000001,1216976.0091410053
2025-08-14,485527.2990120053,724388.0,1209915.2990120053
2025-08-15,572634.1982920053,647785.0,1220419.1982920053
2025-08-18,178703.0543920054,1051058.34,1229761.3943920054
2025-08-19,152415.64984800539,1076455.25,1228870.8998480053
2025-08-20,266885.9881480054,973568.71,1240454.6981480054
2025-08-21,11591.025608005417,1222318.49,1233909.5156080055
2025-08-22,147544.4049000054,1097334.32,1244878.7249000054
2025-08-25,25629.23110000541,1242291.58,1267920.8111000054
2025-08-26,247090.10909100543,1021440.96,1268531.0690910055
2025-08-27,334086.4273110054,904960.36,1239046.7873110054
2025-08-28,212486.26957800554,1045072.3,1257558.5695780055
2025-08-29,121170.48292800566,1141318.5,1262488.9829280057
2025-09-01,13771.81590800568,1263570.03,1277341.8459080057
2025-09-02,21045.31895800567,1229348.24,1250393.5589580056
2025-09-03,226091.98045800568,1011201.73,1237293.7104580058
2025-09-04,29527.449137005657,1175127.63,1204655.0791370056
2025-09-05,699960.7287960057,507108.00999999995,1207068.7387960057
2025-09-08,740868.4527960058,475235.73000000004,1216104.1827960059
2025-09-09,868330.5651960057,356371.16,1224701.7251960058
2025-09-10,868330.5651960057,358109.5,1226440.0651960056
2025-09-11,868330.5651960057,374712.95999999996,1243043.5251960056
2025-09-12,882703.7519460057,354616.8,1237320.5519460058
2025-09-15,892608.5796060057,340883.32,1233491.8996060058
2025-09-16,892608.5796060057,345806.39,1238414.9696060056
2025-09-17,935180.8041060057,307618.72,1242799.5241060057
2025-09-18,945274.1551920057,294661.41000000003,1239935.5651920056
2025-09-19,945274.1551920057,291707.44,1236981.5951920056
2025-09-22,945274.1551920057,294506.92,1239781.0751920056
2025-09-23,945274.1551920057,289270.31,1234544.4651920057
2025-09-24,945274.1551920057,292083.80000000005,1237357.9551920057
2025-09-25,945274.1551920057,287888.45999999996,1233162.6151920056
2025-09-26,945274.1551920057,277187.08,1222461.2351920058
2025-09-29,945274.1551920057,278971.68,1224245.8351920056
2025-09-30,945274.1551920057,279222.92,1224497.0751920056
2025-10-09,954750.2715040057,271003.66,1225753.9315040056
2025-10-10,954750.2715040057,267355.04,1222105.3115040057
2025-10-13,954750.2715040057,265909.55000000005,1220659.8215040057
2025-10-14,976083.3696540056,236661.31,1212744.6796540057
2025-10-15,1020812.8267900056,196212.09999999998,1217024.9267900055
2025-10-16,1020812.8267900056,193016.98,1213829.8067900056
2025-10-17,1020812.8267900056,186448.91000000003,1207261.7367900056
2025-10-20,1020812.8267900056,186888.84999999998,1207701.6767900055
2025-10-21,1041595.3301680055,169073.47000000003,1210668.8001680055
2025-10-22,1041595.3301680055,168057.79,1209653.1201680056
2025-10-23,1041595.3301680055,162848.05000000002,1204443.3801680056
2025-10-24,1086634.7342920057,119510.13,1206144.8642920055
2025-10-27,1086634.7342920057,118164.12999999999,1204798.8642920055
2025-10-28,1106793.1649480057,97702.88,1204496.0449480056
2025-10-29,1106793.1649480057,97993.56,1204786.7249480058
2025-10-30,1106793.1649480057,94872.97,1201666.1349480057
2025-10-31,1127597.7117110058,74001.33,1201599.0417110058
2025-11-03,1127597.7117110058,75763.70000000001,1203361.4117110057
2025-11-04,1127597.7117110058,73079.22,1200676.9317110057
2025-11-05,1122495.0578190058,77497.55,1199992.6078190058
2025-11-06,1172625.7640940058,26803.0,1199428.7640940058
2025-11-07,1172625.7640940058,27371.4,1199997.1640940057
2025-11-10,1172625.7640940058,30105.6,1202731.364094006
2025-11-11,1172625.7640940058,31438.399999999998,1204064.1640940057
2025-11-12,1172625.7640940058,30644.6,1203270.364094006
2025-11-13,1172625.7640940058,31222.8,1203848.5640940059
2025-11-14,1172625.7640940058,29302.0,1201927.7640940058
2025-11-17,1172625.7640940058,28282.8,1200908.5640940059
2025-11-18,1172625.7640940058,27979.0,1200604.7640940058
2025-11-19,1172625.7640940058,27724.2,1200349.9640940058
2025-11-20,1172625.7640940058,27146.0,1199771.7640940058
2025-11-21,1172625.7640940058,26558.0,1199183.7640940058
2025-11-24,1172625.7640940058,27067.600000000002,1199693.364094006
2025-11-25,1172625.7640940058,27783.0,1200408.7640940058
2025-11-26,1172625.7640940058,27342.0,1199967.7640940058
2025-11-27,1172625.7640940058,26950.0,1199575.7640940058
2025-11-28,1172625.7640940058,27244.0,1199869.7640940058
2025-12-01,1172625.7640940058,27048.0,1199673.7640940058
2025-12-02,1172625.7640940058,28106.4,1200732.1640940057
2025-12-03,1172625.7640940058,27430.199999999997,1200055.9640940058
2025-12-04,1172625.7640940058,26401.2,1199026.9640940058
2025-12-05,1172625.7640940058,26528.6,1199154.364094006
2025-12-08,1172625.7640940058,26087.600000000002,1198713.364094006
2025-12-09,1172625.7640940058,26215.0,1198840.7640940058
2025-12-10,1172625.7640940058,25862.2,1198487.9640940058
2025-12-11,1172625.7640940058,25607.399999999998,1198233.1640940057
2025-12-12,1133419.0055940058,67456.0,1200875.0055940058
2025-12-15,1095327.5815940057,107631.2,1202958.7815940056
2025-12-16,1095327.5815940057,107359.6,1202687.1815940058
2025-12-17,1095327.5815940057,108252.0,1203579.5815940057
2025-12-18,1095327.5815940057,110502.40000000001,1205829.9815940056
2025-12-19,1095327.5815940057,113218.4,1208545.9815940056
2025-12-22,1095327.5815940057,114809.2,1210136.7815940056
2025-12-23,1095327.5815940057,113567.59999999999,1208895.1815940058
2025-12-24,1095327.5815940057,112248.4,1207575.9815940056
2025-12-25,1095327.5815940057,112985.6,1208313.1815940058
2025-12-26,1095327.5815940057,110541.2,1205868.7815940056
2025-12-29,1095327.5815940057,113412.40000000001,1208739.9815940056
2025-12-30,1095327.5815940057,110463.59999999999,1205791.1815940058
2025-12-31,1095327.5815940057,121521.6,1216849.1815940058
2026-01-05,1095327.5815940057,120668.0,1215995.5815940057
2026-01-06,698454.5553940055,519695.6,1218150.1553940056
2026-01-07,657852.3783940055,570474.4,1228326.7783940055
2026-01-08,254969.54979400543,978613.4,1233582.9497940054
2026-01-09,17054.70779400543,1224530.0,1241584.7077940055
2026-01-12,66063.59481400545,1171443.0,1237506.5948140055
2026-01-13,415537.3769940056,814699.2,1230236.5769940056
2026-01-14,684351.7653940057,547371.1,1231722.8653940056
2026-01-15,408005.9302940057,834392.1,1242398.0302940058
2026-01-16,174652.26309400576,1075327.9,1249980.1630940055
2026-01-19,5201.456094005771,1274914.3,1280115.756094006
2026-01-20,16376.595127005756,1260390.87,1276767.465127006
2026-01-21,257978.35632700578,1028741.73,1286720.0863270056
2026-01-22,273048.23400700575,1026185.4,1299233.6340070057
2026-01-23,247411.71652700574,1064814.38,1312226.0965270055
2026-01-26,2802.477797005733,1285043.49,1287845.9677970058
2026-01-27,8073.1755680058195,1281124.43,1289197.6055680057
2026-01-28,12874.145068005848,1276297.13,1289171.2750680058
2026-01-29,325721.34050700587,953782.66,1279504.000507006
2026-01-30,426057.3560270058,856418.8800000001,1282476.236027006
2026-02-02,356180.11387500574,902008.05,1258188.1638750057
2026-02-03,462136.9097750057,811135.78,1273272.6897750057
2026-02-04,700264.7699790057,562978.3799999999,1263243.1499790056
2026-02-05,842190.5794590056,414876.83,1257067.4094590056
2026-02-06,929641.6807510058,328516.35,1258158.0307510057
2026-02-09,1027758.2369510058,237657.7,1265415.9369510058
2026-02-10,1027758.2369510058,238857.50000000003,1266615.7369510059
2026-02-11,1056809.3190110058,211173.41,1267982.7290110057
2026-02-12,1067349.0936620058,202753.38999999998,1270102.4836620057
2026-02-13,1089387.2302370057,176881.6,1266268.8302370058
2026-02-24,1089387.2302370057,178795.05,1268182.2802370058
2026-02-25,1089387.2302370057,178751.36999999997,1268138.6002370056
2026-02-26,1089387.2302370057,180151.65,1269538.8802370057
2026-02-27,1089387.2302370057,184460.01,1273847.2402370058
2026-03-02,1089387.2302370057,182739.97,1272127.2002370057
2026-03-03,1089387.2302370057,175095.19999999998,1264482.4302370057
2026-03-04,1111681.9098260058,148619.87,1260301.779826006
2026-03-05,1119129.022593006,142044.28,1261173.302593006
2026-03-06,1119129.022593006,142883.74,1262012.762593006
2026-03-09,1119129.022593006,141937.39,1261066.4125930062
2026-03-10,1190552.599090006,73883.67000000001,1264436.269090006
2026-03-11,1190552.599090006,74618.18,1265170.779090006
2026-03-12,1190552.599090006,72070.18,1262622.779090006
2026-03-13,1190552.599090006,70573.72,1261126.319090006
2026-03-16,1190552.599090006,68981.22,1259533.819090006
2026-03-17,1190552.599090006,67428.9,1257981.4990900059
2026-03-18,1190552.599090006,69094.41,1259647.009090006
2026-03-19,1190552.599090006,66379.81,1256932.409090006
2026-03-20,1190552.599090006,64465.38,1255017.9790900059
2026-03-23,1190552.599090006,59817.24,1250369.839090006
2026-03-24,1225066.661764006,26757.43,1251824.0917640058
2026-03-25,1225066.661764006,27628.649999999998,1252695.3117640058
2026-03-26,1225066.661764006,25913.649999999998,1250980.3117640058
2026-03-27,1225066.661764006,22638.0,1247704.661764006
2026-03-30,1247697.870364006,0.0,1247697.870364006
2026-03-31,1247697.870364006,0.0,1247697.870364006
2026-04-01,1247697.870364006,0.0,1247697.870364006
2026-04-02,1247697.870364006,0.0,1247697.870364006
2026-04-03,1247697.870364006,0.0,1247697.870364006
2026-04-07,1247697.870364006,0.0,1247697.870364006
2026-04-08,1247697.870364006,0.0,1247697.870364006
2026-04-09,850852.8525640058,398608.0,1249460.8525640056
2026-04-10,724137.8307640058,533071.0,1257208.830764006
2026-04-13,555812.3013640058,720679.0,1276491.3013640058
2026-04-14,609590.9841640057,674336.0,1283926.9841640056
2026-04-15,398582.6918640057,876716.6,1275299.2918640056
2026-04-16,434461.3484140057,860722.0,1295183.3484140057
2026-04-17,219073.9563840057,1072185.6,1291259.5563840058
2026-04-20,246930.75278400572,1052740.4,1299671.1527840057
2026-04-21,205753.66318400577,1102285.5,1308039.1631840058
2026-04-22,189755.75001400575,1130953.8,1320709.5500140057
2026-04-23,12954.71741400579,1287556.2,1300510.9174140058
2026-04-24,43575.12461400578,1249116.7,1292691.8246140056
2026-04-27,42080.55653400581,1265764.6,1307845.156534006
2026-04-27,1307134.9770540057,0.0,1307134.9770540057
